Use QuanLyCongTy2020
GO

insert into [dbo].[ChiNhanh] (MaChiNhanh, SDT, Fax, Duong, Quan, KhuVuc, TinhTrang) values ('CN10000','0986175432','(84-4) 7797 3214',N'Đường số 7',N'Quận 1',N'Phường 7',1)
insert into [dbo].[ChiNhanh] (MaChiNhanh, SDT, Fax, Duong, Quan, KhuVuc, TinhTrang) values ('CN10001','0951482673','(84-4) 7384 6605',N'Đường số 7',N'Quận Tân Phú',N'Phường 9',1)
insert into [dbo].[ChiNhanh] (MaChiNhanh, SDT, Fax, Duong, Quan, KhuVuc, TinhTrang) values ('CN10002','0928735461','(84-4) 6229 4484',N'Nguyễn Bá Loan',N'Quận 3',N'Phường 4',1)
insert into [dbo].[ChiNhanh] (MaChiNhanh, SDT, Fax, Duong, Quan, KhuVuc, TinhTrang) values ('CN10003','0957286431','(84-4) 1295 0633',N'Võ Nguyên Giáp',N'Quận 5',N'Phường 5',1)
insert into [dbo].[ChiNhanh] (MaChiNhanh, SDT, Fax, Duong, Quan, KhuVuc, TinhTrang) values ('CN10004','0956481372','(84-4) 3684 0524',N'Đường số 7',N'Quận Bình Tân',N'Phường 9',1)
insert into [dbo].[ChiNhanh] (MaChiNhanh, SDT, Fax, Duong, Quan, KhuVuc, TinhTrang) values ('CN10005','0984652173','(84-4) 1810 7241',N'Nguyễn Huệ',N'Quận 3',N'Phường 4',1)
insert into [dbo].[ChiNhanh] (MaChiNhanh, SDT, Fax, Duong, Quan, KhuVuc, TinhTrang) values ('CN10006','0983426571','(84-4) 6116 3016',N'Đường số 7',N'Quận 2',N'Phường 3',1)
insert into [dbo].[ChiNhanh] (MaChiNhanh, SDT, Fax, Duong, Quan, KhuVuc, TinhTrang) values ('CN10007','0954263871','(84-4) 8727 7366',N'Võ Nguyên Giáp',N'Quận 6',N'Phường 9',1)
insert into [dbo].[ChiNhanh] (MaChiNhanh, SDT, Fax, Duong, Quan, KhuVuc, TinhTrang) values ('CN10008','0916287543','(84-4) 4576 0750',N'Đường số 6',N'Quận 8',N'Phường 6',1)
insert into [dbo].[ChiNhanh] (MaChiNhanh, SDT, Fax, Duong, Quan, KhuVuc, TinhTrang) values ('CN10009','0928317465','(84-4) 3586 3648',N'Trần Đình Giót',N'Quận Bình Thạnh',N'Phường 2',1)
insert into [dbo].[ChiNhanh] (MaChiNhanh, SDT, Fax, Duong, Quan, KhuVuc, TinhTrang) values ('CN10010','0981372564','(84-4) 1634 8263',N'Nguyễn Huệ',N'Quận Tân Bình',N'Phường 8',1)
insert into [dbo].[ChiNhanh] (MaChiNhanh, SDT, Fax, Duong, Quan, KhuVuc, TinhTrang) values ('CN10011','0931654872','(84-4) 6092 4263',N'Võ Thị Sáu',N'Quận Bình Tân',N'Phường 2',1)
insert into [dbo].[ChiNhanh] (MaChiNhanh, SDT, Fax, Duong, Quan, KhuVuc, TinhTrang) values ('CN10012','0961453872','(84-4) 6632 8848',N'Nguyễn Bá Loan',N'Quận 1',N'Phường 5',1)
insert into [dbo].[ChiNhanh] (MaChiNhanh, SDT, Fax, Duong, Quan, KhuVuc, TinhTrang) values ('CN10013','0954263871','(84-4) 7088 6605',N'Võ Nguyên Giáp',N'Quận 6',N'Phường 7',1)
insert into [dbo].[ChiNhanh] (MaChiNhanh, SDT, Fax, Duong, Quan, KhuVuc, TinhTrang) values ('CN10014','0932871564','(84-4) 4148 8880',N'Nguyễn Huệ',N'Quận Gò Vấp',N'Phường 8',1)
insert into [dbo].[ChiNhanh] (MaChiNhanh, SDT, Fax, Duong, Quan, KhuVuc, TinhTrang) values ('CN10015','0917536482','(84-4) 9700 2813',N'Quang Trung',N'Quận 5',N'Phường 9',1)
insert into [dbo].[ChiNhanh] (MaChiNhanh, SDT, Fax, Duong, Quan, KhuVuc, TinhTrang) values ('CN10016','0914763285','(84-4) 9733 1206',N'Cách Mạng Tháng 8',N'Quận 5',N'Phường 1',1)
insert into [dbo].[ChiNhanh] (MaChiNhanh, SDT, Fax, Duong, Quan, KhuVuc, TinhTrang) values ('CN10017','0951482673','(84-4) 8978 7327',N'Cách Mạng Tháng 8',N'Quận 6',N'Phường 7',1)
insert into [dbo].[ChiNhanh] (MaChiNhanh, SDT, Fax, Duong, Quan, KhuVuc, TinhTrang) values ('CN10018','0984652173','(84-4) 5331 4554',N'Võ Nguyên Giáp',N'Quận Tân Phú',N'Phường 2',1)
insert into [dbo].[ChiNhanh] (MaChiNhanh, SDT, Fax, Duong, Quan, KhuVuc, TinhTrang) values ('CN10019','0914763285','(84-4) 1559 6366',N'Võ Thị Sáu',N'Quận 9',N'Phường 5',1)insert into [dbo].[NhanVien] (MaNhanVien, Ten, DiaChi, GioiTinh, NgaySinh, TinhTrang, Luong, SDT, ChiNhanh) values ('NV10000',N'Phạm Ngô Trịnh Bạc',N'Trần Trương, Quận 6','M','1995-7-7',1,18.450000,'0958624371','CN10004')











insert into [dbo].[NhanVien] (MaNhanVien, Ten, DiaChi, GioiTinh, NgaySinh, TinhTrang, Luong, SDT, ChiNhanh) values ('NV10001',N'Phạm Huỳnh Quang Bạc',N'Quang Trung, Quận 1','M','2004-11-3',1,10.750000,'0953627481','CN10006')
insert into [dbo].[NhanVien] (MaNhanVien, Ten, DiaChi, GioiTinh, NgaySinh, TinhTrang, Luong, SDT, ChiNhanh) values ('NV10002',N'Vương Huỳnh Chí Vũ',N'Đường số 7, Quận 4','M','1999-5-22',1,43.650000,'0946718253','CN10008')
insert into [dbo].[NhanVien] (MaNhanVien, Ten, DiaChi, GioiTinh, NgaySinh, TinhTrang, Luong, SDT, ChiNhanh) values ('NV10003',N'Đồng Mỹ Chí Quang',N'Ngô Văn Khuê, Quận Tân Bình','M','1986-6-1',1,13.550000,'0926781453','CN10007')
insert into [dbo].[NhanVien] (MaNhanVien, Ten, DiaChi, GioiTinh, NgaySinh, TinhTrang, Luong, SDT, ChiNhanh) values ('NV10004',N'Huỳnh Phạm Thanh Quốc',N'Đường số 7, Quận 5','M','1999-11-11',1,40.950000,'0947326581','CN10009')
insert into [dbo].[NhanVien] (MaNhanVien, Ten, DiaChi, GioiTinh, NgaySinh, TinhTrang, Luong, SDT, ChiNhanh) values ('NV10005',N'Huỳnh Bùi Quang Trung',N'Trần Trương, Quận Tân Bình','M','1990-10-13',1,14.650000,'0978452163','CN10015')
insert into [dbo].[NhanVien] (MaNhanVien, Ten, DiaChi, GioiTinh, NgaySinh, TinhTrang, Luong, SDT, ChiNhanh) values ('NV10006',N'Lê Vũ Quang Vương',N'Nguyễn Bá Loan, Quận 9','M','1997-2-2',1,20.700000,'0935418276','CN10000')
insert into [dbo].[NhanVien] (MaNhanVien, Ten, DiaChi, GioiTinh, NgaySinh, TinhTrang, Luong, SDT, ChiNhanh) values ('NV10007',N'Đồng Trọng Chí Quang',N'Quang Trung, Quận Tân Bình','M','1986-1-1',1,34.550000,'0954263871','CN10010')
insert into [dbo].[NhanVien] (MaNhanVien, Ten, DiaChi, GioiTinh, NgaySinh, TinhTrang, Luong, SDT, ChiNhanh) values ('NV10008',N'Phạm Trần Tâm Việt',N'Trần Đình Giót, Quận Bình Tân','M','2004-3-7',1,38.300000,'0967253184','CN10005')
insert into [dbo].[NhanVien] (MaNhanVien, Ten, DiaChi, GioiTinh, NgaySinh, TinhTrang, Luong, SDT, ChiNhanh) values ('NV10009',N'Hoàng Huỳnh Trịnh Vũ',N'Đường số 7, Quận Tân Bình','M','2002-5-7',1,15.300000,'0915482673','CN10011')
insert into [dbo].[NhanVien] (MaNhanVien, Ten, DiaChi, GioiTinh, NgaySinh, TinhTrang, Luong, SDT, ChiNhanh) values ('NV10010',N'Mỹ Đồng Bá Việt',N'Nguyễn Bá Loan, Quận Tân Bình','M','2002-5-3',1,14.800000,'0985371462','CN10002')
insert into [dbo].[NhanVien] (MaNhanVien, Ten, DiaChi, GioiTinh, NgaySinh, TinhTrang, Luong, SDT, ChiNhanh) values ('NV10011',N'Hoàng Phạm Lê Quốc',N'Đường số 7, Quận Tân Phú','M','1995-8-28',1,24.550000,'0926781453','CN10014')
insert into [dbo].[NhanVien] (MaNhanVien, Ten, DiaChi, GioiTinh, NgaySinh, TinhTrang, Luong, SDT, ChiNhanh) values ('NV10012',N'Phạm Trần Tâm Việt',N'Ngô Văn Khuê, Quận 3','M','1998-7-6',1,10.550000,'0916827354','CN10005')
insert into [dbo].[NhanVien] (MaNhanVien, Ten, DiaChi, GioiTinh, NgaySinh, TinhTrang, Luong, SDT, ChiNhanh) values ('NV10013',N'Lê Phạm Trịnh Trung',N'Trần Trương, Quận Tân Phú','M','1994-5-14',1,24.950000,'0942357681','CN10017')
insert into [dbo].[NhanVien] (MaNhanVien, Ten, DiaChi, GioiTinh, NgaySinh, TinhTrang, Luong, SDT, ChiNhanh) values ('NV10014',N'Trịnh Hoàng Văn Mỹ',N'Ngô Văn Khuê, Quận Tân Phú','M','1992-7-18',1,47.900000,'0953627481','CN10015')
insert into [dbo].[NhanVien] (MaNhanVien, Ten, DiaChi, GioiTinh, NgaySinh, TinhTrang, Luong, SDT, ChiNhanh) values ('NV10015',N'Đồng Mỹ Chí Quang',N'Trần Trương, Quận Bình Thạnh','M','2004-9-7',1,20.850000,'0942853761','CN10003')
insert into [dbo].[NhanVien] (MaNhanVien, Ten, DiaChi, GioiTinh, NgaySinh, TinhTrang, Luong, SDT, ChiNhanh) values ('NV10016',N'Trọng Lê Minh Bạc',N'Trần Quốc Tuấn, Quận Bình Thạnh','M','1987-12-5',1,19.000000,'0942853761','CN10011')
insert into [dbo].[NhanVien] (MaNhanVien, Ten, DiaChi, GioiTinh, NgaySinh, TinhTrang, Luong, SDT, ChiNhanh) values ('NV10017',N'Ngô Đồng Chí Ái',N'Võ Nguyên Giáp, Quận Bình Tân','M','1985-5-27',1,33.550000,'0941628375','CN10012')
insert into [dbo].[NhanVien] (MaNhanVien, Ten, DiaChi, GioiTinh, NgaySinh, TinhTrang, Luong, SDT, ChiNhanh) values ('NV10018',N'Đồng Nguyễn Tâm Tâm',N'Đường số 6, Quận 2','M','1995-6-19',1,22.050000,'0917536482','CN10013')
insert into [dbo].[NhanVien] (MaNhanVien, Ten, DiaChi, GioiTinh, NgaySinh, TinhTrang, Luong, SDT, ChiNhanh) values ('NV10019',N'Hoàng Mỹ Chí Hiếu',N'Ngô Văn Khuê, Quận 3','M','1985-9-27',1,10.650000,'0914265873','CN10006')
insert into [dbo].[NhanVien] (MaNhanVien, Ten, DiaChi, GioiTinh, NgaySinh, TinhTrang, Luong, SDT, ChiNhanh) values ('NV10020',N'Phạm Ngô Trịnh Bạc',N'Trần Trương, Quận 3','M','1998-6-7',1,31.800000,'0957286431','CN10008')
insert into [dbo].[NhanVien] (MaNhanVien, Ten, DiaChi, GioiTinh, NgaySinh, TinhTrang, Luong, SDT, ChiNhanh) values ('NV10021',N'Huỳnh Phạm Thanh Quốc',N'Võ Nguyên Giáp, Quận 1','M','1991-3-10',1,15.200000,'0952817364','CN10009')
insert into [dbo].[NhanVien] (MaNhanVien, Ten, DiaChi, GioiTinh, NgaySinh, TinhTrang, Luong, SDT, ChiNhanh) values ('NV10022',N'Nguyễn Lê Quang Bạc',N'Ngô Văn Khuê, Quận Tân Bình','M','1985-6-18',1,24.150000,'0954263871','CN10013')
insert into [dbo].[NhanVien] (MaNhanVien, Ten, DiaChi, GioiTinh, NgaySinh, TinhTrang, Luong, SDT, ChiNhanh) values ('NV10023',N'Bùi Phan Trần Tâm',N'Đường số 6, Quận Bình Tân','M','1989-2-16',1,33.750000,'0945876321','CN10018')
insert into [dbo].[NhanVien] (MaNhanVien, Ten, DiaChi, GioiTinh, NgaySinh, TinhTrang, Luong, SDT, ChiNhanh) values ('NV10024',N'Huỳnh Phạm Thanh Quốc',N'Võ Nguyên Giáp, Quận 4','M','2002-1-17',1,19.750000,'0958127364','CN10010')
insert into [dbo].[NhanVien] (MaNhanVien, Ten, DiaChi, GioiTinh, NgaySinh, TinhTrang, Luong, SDT, ChiNhanh) values ('NV10025',N'Mỹ Đồng Trịnh Tâm',N'Đường số 6, Quận Bình Tân','M','1995-8-14',1,18.650000,'0918354762','CN10015')
insert into [dbo].[NhanVien] (MaNhanVien, Ten, DiaChi, GioiTinh, NgaySinh, TinhTrang, Luong, SDT, ChiNhanh) values ('NV10026',N'Phan Trọng Thanh Mỹ',N'Trần Đình Giót, Quận Tân Phú','M','1999-12-25',1,18.850000,'0935418276','CN10006')
insert into [dbo].[NhanVien] (MaNhanVien, Ten, DiaChi, GioiTinh, NgaySinh, TinhTrang, Luong, SDT, ChiNhanh) values ('NV10027',N'Nguyễn Hùng Tâm Minh',N'Nguyễn Bá Loan, Quận 1','M','1989-1-17',1,20.350000,'0936147582','CN10016')
insert into [dbo].[NhanVien] (MaNhanVien, Ten, DiaChi, GioiTinh, NgaySinh, TinhTrang, Luong, SDT, ChiNhanh) values ('NV10028',N'Trọng Đồng Lê Hiếu',N'Ngô Văn Khuê, Quận Tân Bình','M','2000-1-5',1,13.900000,'0967253184','CN10004')
insert into [dbo].[NhanVien] (MaNhanVien, Ten, DiaChi, GioiTinh, NgaySinh, TinhTrang, Luong, SDT, ChiNhanh) values ('NV10029',N'Trịnh Lê Chí Mỹ',N'Trần Đình Giót, Quận 2','M','1999-9-29',1,14.250000,'0932871564','CN10000')
insert into [dbo].[NhanVien] (MaNhanVien, Ten, DiaChi, GioiTinh, NgaySinh, TinhTrang, Luong, SDT, ChiNhanh) values ('NV10030',N'Vương Vương Chí Hùng',N'Cách Mạng Tháng 8, Quận 4','M','1991-5-27',1,22.150000,'0923487651','CN10002')
insert into [dbo].[NhanVien] (MaNhanVien, Ten, DiaChi, GioiTinh, NgaySinh, TinhTrang, Luong, SDT, ChiNhanh) values ('NV10031',N'Nguyễn Nguyễn Trần Trung',N'Nguyễn Huệ, Quận Tân Phú','M','1986-6-11',1,37.050000,'0937462185','CN10014')
insert into [dbo].[NhanVien] (MaNhanVien, Ten, DiaChi, GioiTinh, NgaySinh, TinhTrang, Luong, SDT, ChiNhanh) values ('NV10032',N'Huỳnh Trịnh Thanh Ái',N'Nguyễn Huệ, Quận 8','M','1993-5-19',1,18.650000,'0953627481','CN10012')
insert into [dbo].[NhanVien] (MaNhanVien, Ten, DiaChi, GioiTinh, NgaySinh, TinhTrang, Luong, SDT, ChiNhanh) values ('NV10033',N'Phan Nguyễn Thanh Chí',N'Quang Trung, Quận 5','M','2003-11-21',1,27.600000,'0963487521','CN10010')
insert into [dbo].[NhanVien] (MaNhanVien, Ten, DiaChi, GioiTinh, NgaySinh, TinhTrang, Luong, SDT, ChiNhanh) values ('NV10034',N'Huỳnh Mỹ Quang Tâm',N'Quang Trung, Quận Gò Vấp','M','1999-4-10',1,21.200000,'0967851342','CN10010')
insert into [dbo].[NhanVien] (MaNhanVien, Ten, DiaChi, GioiTinh, NgaySinh, TinhTrang, Luong, SDT, ChiNhanh) values ('NV10035',N'Nguyễn Lê Quang Bạc',N'Nguyễn Huệ, Quận 5','M','2004-3-20',1,19.850000,'0987425361','CN10011')
insert into [dbo].[NhanVien] (MaNhanVien, Ten, DiaChi, GioiTinh, NgaySinh, TinhTrang, Luong, SDT, ChiNhanh) values ('NV10036',N'Bùi Lê Trần Trung',N'Cách Mạng Tháng 8, Quận Gò Vấp','M','1989-9-25',1,20.700000,'0938172564','CN10015')
insert into [dbo].[NhanVien] (MaNhanVien, Ten, DiaChi, GioiTinh, NgaySinh, TinhTrang, Luong, SDT, ChiNhanh) values ('NV10037',N'Ngô Mỹ Minh Tâm',N'Ngô Văn Khuê, Quận 6','M','1988-6-22',1,34.900000,'0952817364','CN10015')
insert into [dbo].[NhanVien] (MaNhanVien, Ten, DiaChi, GioiTinh, NgaySinh, TinhTrang, Luong, SDT, ChiNhanh) values ('NV10038',N'Lê Trịnh Trịnh Mỹ',N'Trần Đình Giót, Quận Bình Thạnh','M','2002-9-13',1,45.900000,'0984153762','CN10001')
insert into [dbo].[NhanVien] (MaNhanVien, Ten, DiaChi, GioiTinh, NgaySinh, TinhTrang, Luong, SDT, ChiNhanh) values ('NV10039',N'Trọng Vương Tâm Quốc',N'Đường số 6, Quận 2','M','2000-2-28',1,15.900000,'0946718253','CN10010')
insert into [dbo].[NhanVien] (MaNhanVien, Ten, DiaChi, GioiTinh, NgaySinh, TinhTrang, Luong, SDT, ChiNhanh) values ('NV10040',N'Vũ Phạm Quang Xuân',N'Trần Đình Giót, Quận 3','M','1989-3-21',1,47.650000,'0978452163','CN10012')
insert into [dbo].[NhanVien] (MaNhanVien, Ten, DiaChi, GioiTinh, NgaySinh, TinhTrang, Luong, SDT, ChiNhanh) values ('NV10041',N'Đồng Dương Tâm Vinh',N'Trần Quốc Tuấn, Quận 6','M','1986-6-17',1,10.800000,'0942357681','CN10002')
insert into [dbo].[NhanVien] (MaNhanVien, Ten, DiaChi, GioiTinh, NgaySinh, TinhTrang, Luong, SDT, ChiNhanh) values ('NV10042',N'Đồng Đồng Minh Việt',N'Nguyễn Lữ, Quận 8','M','1998-5-18',1,16.050000,'0967851342','CN10017')
insert into [dbo].[NhanVien] (MaNhanVien, Ten, DiaChi, GioiTinh, NgaySinh, TinhTrang, Luong, SDT, ChiNhanh) values ('NV10043',N'Mỹ Vũ Quang Xuân',N'Ngô Văn Khuê, Quận 2','M','2003-8-17',1,32.050000,'0912738465','CN10003')
insert into [dbo].[NhanVien] (MaNhanVien, Ten, DiaChi, GioiTinh, NgaySinh, TinhTrang, Luong, SDT, ChiNhanh) values ('NV10044',N'Phạm Hùng Bá Vương',N'Cách Mạng Tháng 8, Quận 1','M','1986-11-27',1,15.850000,'0981765432','CN10011')
insert into [dbo].[NhanVien] (MaNhanVien, Ten, DiaChi, GioiTinh, NgaySinh, TinhTrang, Luong, SDT, ChiNhanh) values ('NV10045',N'Phạm Mỹ Trần Chí',N'Nguyễn Bá Loan, Quận Tân Phú','M','1987-2-5',1,46.400000,'0986715243','CN10010')
insert into [dbo].[NhanVien] (MaNhanVien, Ten, DiaChi, GioiTinh, NgaySinh, TinhTrang, Luong, SDT, ChiNhanh) values ('NV10046',N'Trịnh Bùi Bá Trường',N'Trần Đình Giót, Quận 1','M','1986-10-16',1,13.350000,'0926781453','CN10004')
insert into [dbo].[NhanVien] (MaNhanVien, Ten, DiaChi, GioiTinh, NgaySinh, TinhTrang, Luong, SDT, ChiNhanh) values ('NV10047',N'Bùi Phan Trần Tâm',N'Nguyễn Lữ, Quận 8','M','2004-6-22',1,24.000000,'0937462185','CN10007')
insert into [dbo].[NhanVien] (MaNhanVien, Ten, DiaChi, GioiTinh, NgaySinh, TinhTrang, Luong, SDT, ChiNhanh) values ('NV10048',N'Trịnh Trịnh Tâm Vinh',N'Trần Đình Giót, Quận 8','M','1994-3-11',1,30.500000,'0962781453','CN10018')
insert into [dbo].[NhanVien] (MaNhanVien, Ten, DiaChi, GioiTinh, NgaySinh, TinhTrang, Luong, SDT, ChiNhanh) values ('NV10049',N'Lê Phạm Trịnh Trung',N'Võ Nguyên Giáp, Quận 1','M','2002-1-2',1,16.900000,'0957286431','CN10004')
insert into [dbo].[NhanVien] (MaNhanVien, Ten, DiaChi, GioiTinh, NgaySinh, TinhTrang, Luong, SDT, ChiNhanh) values ('NV10050',N'Trọng Trọng Thị Trinh',N'Trần Đình Giót, Quận 9','F','1988-8-29',1,13.000000,'0918354762','CN10013')
insert into [dbo].[NhanVien] (MaNhanVien, Ten, DiaChi, GioiTinh, NgaySinh, TinhTrang, Luong, SDT, ChiNhanh) values ('NV10051',N'Dương Bùi Tâm Trinh',N'Nguyễn Huệ, Quận Gò Vấp','F','2003-1-28',1,20.750000,'0954862173','CN10016')
insert into [dbo].[NhanVien] (MaNhanVien, Ten, DiaChi, GioiTinh, NgaySinh, TinhTrang, Luong, SDT, ChiNhanh) values ('NV10052',N'Bùi Nguyễn Tâm Thảo',N'Đường số 7, Quận 9','F','1993-5-2',1,23.950000,'0972146583','CN10007')
insert into [dbo].[NhanVien] (MaNhanVien, Ten, DiaChi, GioiTinh, NgaySinh, TinhTrang, Luong, SDT, ChiNhanh) values ('NV10053',N'Lê Hùng Minh Xuân',N'Võ Thị Sáu, Quận Tân Phú','F','1992-10-10',1,40.200000,'0958624371','CN10005')
insert into [dbo].[NhanVien] (MaNhanVien, Ten, DiaChi, GioiTinh, NgaySinh, TinhTrang, Luong, SDT, ChiNhanh) values ('NV10054',N'Trần Dương Minh Chí',N'Nguyễn Huệ, Quận 6','F','1994-4-14',1,20.150000,'0967253184','CN10007')
insert into [dbo].[NhanVien] (MaNhanVien, Ten, DiaChi, GioiTinh, NgaySinh, TinhTrang, Luong, SDT, ChiNhanh) values ('NV10055',N'Vương Phan Thanh Châu',N'Nguyễn Lữ, Quận 3','F','1999-12-21',1,47.350000,'0931654872','CN10013')
insert into [dbo].[NhanVien] (MaNhanVien, Ten, DiaChi, GioiTinh, NgaySinh, TinhTrang, Luong, SDT, ChiNhanh) values ('NV10056',N'Trịnh Trọng Thị Diệu',N'Trần Trương, Quận 9','F','1996-6-13',1,48.700000,'0964825371','CN10005')
insert into [dbo].[NhanVien] (MaNhanVien, Ten, DiaChi, GioiTinh, NgaySinh, TinhTrang, Luong, SDT, ChiNhanh) values ('NV10057',N'Bùi Huỳnh Thanh Thi',N'Đường số 7, Quận 9','F','1994-6-10',1,13.500000,'0948652173','CN10017')
insert into [dbo].[NhanVien] (MaNhanVien, Ten, DiaChi, GioiTinh, NgaySinh, TinhTrang, Luong, SDT, ChiNhanh) values ('NV10058',N'Phạm Ngô Thanh Thi',N'Võ Thị Sáu, Quận 3','F','1993-9-26',1,20.200000,'0967851342','CN10014')
insert into [dbo].[NhanVien] (MaNhanVien, Ten, DiaChi, GioiTinh, NgaySinh, TinhTrang, Luong, SDT, ChiNhanh) values ('NV10059',N'Hùng Đồng Trần Diệu',N'Đường số 7, Quận 10','F','2001-5-23',1,42.850000,'0967851342','CN10015')
insert into [dbo].[NhanVien] (MaNhanVien, Ten, DiaChi, GioiTinh, NgaySinh, TinhTrang, Luong, SDT, ChiNhanh) values ('NV10060',N'Phan Phan Thi Ái',N'Ngô Văn Khuê, Quận 1','F','1999-11-22',1,24.650000,'0914265873','CN10009')
insert into [dbo].[NhanVien] (MaNhanVien, Ten, DiaChi, GioiTinh, NgaySinh, TinhTrang, Luong, SDT, ChiNhanh) values ('NV10061',N'Huỳnh Phạm Trần My',N'Trần Đình Giót, Quận 1','F','2000-1-21',1,27.750000,'0976832541','CN10011')
insert into [dbo].[NhanVien] (MaNhanVien, Ten, DiaChi, GioiTinh, NgaySinh, TinhTrang, Luong, SDT, ChiNhanh) values ('NV10062',N'Dương Hoàng Thi Lệ',N'Võ Thị Sáu, Quận Gò Vấp','F','1998-8-27',1,34.950000,'0946718253','CN10014')
insert into [dbo].[NhanVien] (MaNhanVien, Ten, DiaChi, GioiTinh, NgaySinh, TinhTrang, Luong, SDT, ChiNhanh) values ('NV10063',N'Trần Trần Thanh Châu',N'Quang Trung, Quận 1','F','1994-6-27',1,20.500000,'0916287543','CN10009')
insert into [dbo].[NhanVien] (MaNhanVien, Ten, DiaChi, GioiTinh, NgaySinh, TinhTrang, Luong, SDT, ChiNhanh) values ('NV10064',N'Lê Vương Trịnh Chí',N'Trần Đình Giót, Quận Tân Bình','F','1993-2-27',1,40.750000,'0938172564','CN10003')
insert into [dbo].[NhanVien] (MaNhanVien, Ten, DiaChi, GioiTinh, NgaySinh, TinhTrang, Luong, SDT, ChiNhanh) values ('NV10065',N'Bùi Huỳnh Thanh Thi',N'Nguyễn Lữ, Quận 4','F','2004-6-2',1,20.000000,'0967253184','CN10015')
insert into [dbo].[NhanVien] (MaNhanVien, Ten, DiaChi, GioiTinh, NgaySinh, TinhTrang, Luong, SDT, ChiNhanh) values ('NV10066',N'Trịnh Trọng Thị Diệu',N'Võ Nguyên Giáp, Quận 4','F','2000-4-18',1,34.100000,'0918753264','CN10006')
insert into [dbo].[NhanVien] (MaNhanVien, Ten, DiaChi, GioiTinh, NgaySinh, TinhTrang, Luong, SDT, ChiNhanh) values ('NV10067',N'Ngô Mỹ Thị Thảo',N'Nguyễn Lữ, Quận Bình Thạnh','F','1992-8-11',1,13.850000,'0957286431','CN10006')
insert into [dbo].[NhanVien] (MaNhanVien, Ten, DiaChi, GioiTinh, NgaySinh, TinhTrang, Luong, SDT, ChiNhanh) values ('NV10068',N'Mỹ Đồng Lê Bảo',N'Trần Quốc Tuấn, Quận Bình Tân','F','1996-7-22',1,13.750000,'0975418263','CN10000')
insert into [dbo].[NhanVien] (MaNhanVien, Ten, DiaChi, GioiTinh, NgaySinh, TinhTrang, Luong, SDT, ChiNhanh) values ('NV10069',N'Huỳnh Lê Tâm Xuân',N'Võ Nguyên Giáp, Quận 3','F','1986-10-1',1,14.400000,'0985371462','CN10009')
insert into [dbo].[NhanVien] (MaNhanVien, Ten, DiaChi, GioiTinh, NgaySinh, TinhTrang, Luong, SDT, ChiNhanh) values ('NV10070',N'Ngô Trịnh Lê Hồng',N'Trần Quốc Tuấn, Quận 2','F','1997-1-5',1,23.100000,'0976832541','CN10009')
insert into [dbo].[NhanVien] (MaNhanVien, Ten, DiaChi, GioiTinh, NgaySinh, TinhTrang, Luong, SDT, ChiNhanh) values ('NV10071',N'Trần Trịnh Lê Lệ',N'Đường số 6, Quận Tân Phú','F','1996-5-11',1,15.400000,'0983426571','CN10000')
insert into [dbo].[NhanVien] (MaNhanVien, Ten, DiaChi, GioiTinh, NgaySinh, TinhTrang, Luong, SDT, ChiNhanh) values ('NV10072',N'Lê Ngô Thi My',N'Đường số 6, Quận Tân Bình','F','1989-11-28',1,35.050000,'0918354762','CN10014')
insert into [dbo].[NhanVien] (MaNhanVien, Ten, DiaChi, GioiTinh, NgaySinh, TinhTrang, Luong, SDT, ChiNhanh) values ('NV10073',N'Trần Trịnh Trịnh Diễm',N'Trần Trương, Quận 9','F','1986-8-6',1,22.800000,'0971428365','CN10018')
insert into [dbo].[NhanVien] (MaNhanVien, Ten, DiaChi, GioiTinh, NgaySinh, TinhTrang, Luong, SDT, ChiNhanh) values ('NV10074',N'Dương Trần Thanh Chí',N'Nguyễn Huệ, Quận Gò Vấp','F','1993-4-14',1,18.400000,'0945281673','CN10006')
insert into [dbo].[NhanVien] (MaNhanVien, Ten, DiaChi, GioiTinh, NgaySinh, TinhTrang, Luong, SDT, ChiNhanh) values ('NV10075',N'Ngô Đồng Lê Chí',N'Quang Trung, Quận 10','F','1990-9-5',1,17.700000,'0923487651','CN10000')
insert into [dbo].[NhanVien] (MaNhanVien, Ten, DiaChi, GioiTinh, NgaySinh, TinhTrang, Luong, SDT, ChiNhanh) values ('NV10076',N'Lê Trọng Lê Văn',N'Đường số 6, Quận 5','F','1989-1-26',1,35.350000,'0967851342','CN10011')
insert into [dbo].[NhanVien] (MaNhanVien, Ten, DiaChi, GioiTinh, NgaySinh, TinhTrang, Luong, SDT, ChiNhanh) values ('NV10077',N'Lê Vương Thi Thi',N'Cách Mạng Tháng 8, Quận 3','F','1990-8-28',1,11.150000,'0931654872','CN10003')
insert into [dbo].[NhanVien] (MaNhanVien, Ten, DiaChi, GioiTinh, NgaySinh, TinhTrang, Luong, SDT, ChiNhanh) values ('NV10078',N'Lê Hùng Thị Thi',N'Nguyễn Bá Loan, Quận 10','F','1992-12-11',1,34.450000,'0926781453','CN10008')
insert into [dbo].[NhanVien] (MaNhanVien, Ten, DiaChi, GioiTinh, NgaySinh, TinhTrang, Luong, SDT, ChiNhanh) values ('NV10079',N'Trần Nguyễn Thị Diễm',N'Cách Mạng Tháng 8, Quận 8','F','2003-6-2',1,38.650000,'0972643851','CN10000')
insert into [dbo].[NhanVien] (MaNhanVien, Ten, DiaChi, GioiTinh, NgaySinh, TinhTrang, Luong, SDT, ChiNhanh) values ('NV10080',N'Huỳnh Phạm Trần My',N'Nguyễn Huệ, Quận 3','F','1997-11-12',1,22.900000,'0976235481','CN10002')
insert into [dbo].[NhanVien] (MaNhanVien, Ten, DiaChi, GioiTinh, NgaySinh, TinhTrang, Luong, SDT, ChiNhanh) values ('NV10081',N'Mỹ Trịnh Chí Ái',N'Đường số 7, Quận Bình Tân','F','2002-9-3',1,16.100000,'0925463871','CN10016')
insert into [dbo].[NhanVien] (MaNhanVien, Ten, DiaChi, GioiTinh, NgaySinh, TinhTrang, Luong, SDT, ChiNhanh) values ('NV10082',N'Ngô Lê Thị Thảo',N'Nguyễn Lữ, Quận Gò Vấp','F','2000-3-18',1,44.700000,'0964218375','CN10015')
insert into [dbo].[NhanVien] (MaNhanVien, Ten, DiaChi, GioiTinh, NgaySinh, TinhTrang, Luong, SDT, ChiNhanh) values ('NV10083',N'Vương Trần Chí Thảo',N'Nguyễn Huệ, Quận Bình Thạnh','F','2003-1-5',1,18.750000,'0924138576','CN10010')
insert into [dbo].[NhanVien] (MaNhanVien, Ten, DiaChi, GioiTinh, NgaySinh, TinhTrang, Luong, SDT, ChiNhanh) values ('NV10084',N'Đồng Vương Lê My',N'Trần Trương, Quận Bình Thạnh','F','2003-11-7',1,27.250000,'0972146583','CN10001')
insert into [dbo].[NhanVien] (MaNhanVien, Ten, DiaChi, GioiTinh, NgaySinh, TinhTrang, Luong, SDT, ChiNhanh) values ('NV10085',N'Trọng Hoàng Minh Lệ',N'Nguyễn Bá Loan, Quận Tân Bình','F','1997-1-4',1,29.900000,'0983426571','CN10000')
insert into [dbo].[NhanVien] (MaNhanVien, Ten, DiaChi, GioiTinh, NgaySinh, TinhTrang, Luong, SDT, ChiNhanh) values ('NV10086',N'Nguyễn Vũ Trần Mỹ',N'Võ Nguyên Giáp, Quận Tân Bình','F','2001-12-18',1,31.850000,'0928735461','CN10005')
insert into [dbo].[NhanVien] (MaNhanVien, Ten, DiaChi, GioiTinh, NgaySinh, TinhTrang, Luong, SDT, ChiNhanh) values ('NV10087',N'Mỹ Trần Trịnh Thi',N'Quang Trung, Quận Gò Vấp','F','2003-12-15',1,19.700000,'0934687521','CN10016')
insert into [dbo].[NhanVien] (MaNhanVien, Ten, DiaChi, GioiTinh, NgaySinh, TinhTrang, Luong, SDT, ChiNhanh) values ('NV10088',N'Đồng Phạm Thi Lệ',N'Đường số 6, Quận 8','F','1989-3-21',1,11.050000,'0936147582','CN10000')
insert into [dbo].[NhanVien] (MaNhanVien, Ten, DiaChi, GioiTinh, NgaySinh, TinhTrang, Luong, SDT, ChiNhanh) values ('NV10089',N'Trần Nguyễn Thị Diễm',N'Nguyễn Bá Loan, Quận Tân Phú','F','2002-10-7',1,21.900000,'0954862173','CN10018')
insert into [dbo].[NhanVien] (MaNhanVien, Ten, DiaChi, GioiTinh, NgaySinh, TinhTrang, Luong, SDT, ChiNhanh) values ('NV10090',N'Trần Trịnh Trịnh Diễm',N'Nguyễn Bá Loan, Quận Tân Bình','F','1995-4-12',1,23.200000,'0967851342','CN10004')
insert into [dbo].[NhanVien] (MaNhanVien, Ten, DiaChi, GioiTinh, NgaySinh, TinhTrang, Luong, SDT, ChiNhanh) values ('NV10091',N'Vương Phan Thanh Châu',N'Võ Thị Sáu, Quận Bình Tân','F','1985-5-7',1,47.850000,'0967253184','CN10014')
insert into [dbo].[NhanVien] (MaNhanVien, Ten, DiaChi, GioiTinh, NgaySinh, TinhTrang, Luong, SDT, ChiNhanh) values ('NV10092',N'Hoàng Bùi Lê Diệu',N'Trần Quốc Tuấn, Quận 3','F','1997-10-8',1,24.250000,'0958127364','CN10017')
insert into [dbo].[NhanVien] (MaNhanVien, Ten, DiaChi, GioiTinh, NgaySinh, TinhTrang, Luong, SDT, ChiNhanh) values ('NV10093',N'Bùi Trọng Lê Lệ',N'Nguyễn Bá Loan, Quận 9','F','1987-8-12',1,12.300000,'0971428365','CN10013')
insert into [dbo].[NhanVien] (MaNhanVien, Ten, DiaChi, GioiTinh, NgaySinh, TinhTrang, Luong, SDT, ChiNhanh) values ('NV10094',N'Dương Trần Minh Châu',N'Đường số 6, Quận 9','F','1993-11-4',1,23.650000,'0972146583','CN10010')
insert into [dbo].[NhanVien] (MaNhanVien, Ten, DiaChi, GioiTinh, NgaySinh, TinhTrang, Luong, SDT, ChiNhanh) values ('NV10095',N'Hùng Đồng Trần Diệu',N'Trần Đình Giót, Quận 2','F','1999-7-7',1,18.400000,'0923487651','CN10001')
insert into [dbo].[NhanVien] (MaNhanVien, Ten, DiaChi, GioiTinh, NgaySinh, TinhTrang, Luong, SDT, ChiNhanh) values ('NV10096',N'Dương Hoàng Thi Lệ',N'Võ Nguyên Giáp, Quận 4','F','1986-8-13',1,34.750000,'0967851342','CN10012')
insert into [dbo].[NhanVien] (MaNhanVien, Ten, DiaChi, GioiTinh, NgaySinh, TinhTrang, Luong, SDT, ChiNhanh) values ('NV10097',N'Vương Vương Trịnh Bảo',N'Võ Thị Sáu, Quận Bình Thạnh','F','1992-12-24',1,26.800000,'0938172564','CN10002')
insert into [dbo].[NhanVien] (MaNhanVien, Ten, DiaChi, GioiTinh, NgaySinh, TinhTrang, Luong, SDT, ChiNhanh) values ('NV10098',N'Trần Nguyễn Thị Diễm',N'Đường số 7, Quận 4','F','1991-8-25',1,14.300000,'0934687521','CN10003')
insert into [dbo].[NhanVien] (MaNhanVien, Ten, DiaChi, GioiTinh, NgaySinh, TinhTrang, Luong, SDT, ChiNhanh) values ('NV10099',N'Phan Nguyễn Tâm Chí',N'Trần Đình Giót, Quận 3','F','2001-4-26',1,38.750000,'0936147582','CN10006')



insert into [dbo].[AccountNhanVien] (IDNhanVien,Password) values ('NV10000','123456789')
insert into [dbo].[AccountNhanVien] (IDNhanVien,Password) values ('NV10001','123456789')
insert into [dbo].[AccountNhanVien] (IDNhanVien,Password) values ('NV10002','123456789')
insert into [dbo].[AccountNhanVien] (IDNhanVien,Password) values ('NV10003','123456789')
insert into [dbo].[AccountNhanVien] (IDNhanVien,Password) values ('NV10004','123456789')
insert into [dbo].[AccountNhanVien] (IDNhanVien,Password) values ('NV10005','123456789')
insert into [dbo].[AccountNhanVien] (IDNhanVien,Password) values ('NV10006','123456789')
insert into [dbo].[AccountNhanVien] (IDNhanVien,Password) values ('NV10007','123456789')
insert into [dbo].[AccountNhanVien] (IDNhanVien,Password) values ('NV10008','123456789')
insert into [dbo].[AccountNhanVien] (IDNhanVien,Password) values ('NV10009','123456789')
insert into [dbo].[AccountNhanVien] (IDNhanVien,Password) values ('NV10010','123456789')
insert into [dbo].[AccountNhanVien] (IDNhanVien,Password) values ('NV10011','123456789')
insert into [dbo].[AccountNhanVien] (IDNhanVien,Password) values ('NV10012','123456789')
insert into [dbo].[AccountNhanVien] (IDNhanVien,Password) values ('NV10013','123456789')
insert into [dbo].[AccountNhanVien] (IDNhanVien,Password) values ('NV10014','123456789')
insert into [dbo].[AccountNhanVien] (IDNhanVien,Password) values ('NV10015','123456789')
insert into [dbo].[AccountNhanVien] (IDNhanVien,Password) values ('NV10016','123456789')
insert into [dbo].[AccountNhanVien] (IDNhanVien,Password) values ('NV10017','123456789')
insert into [dbo].[AccountNhanVien] (IDNhanVien,Password) values ('NV10018','123456789')
insert into [dbo].[AccountNhanVien] (IDNhanVien,Password) values ('NV10019','123456789')
insert into [dbo].[AccountNhanVien] (IDNhanVien,Password) values ('NV10020','123456789')
insert into [dbo].[AccountNhanVien] (IDNhanVien,Password) values ('NV10021','123456789')
insert into [dbo].[AccountNhanVien] (IDNhanVien,Password) values ('NV10022','123456789')
insert into [dbo].[AccountNhanVien] (IDNhanVien,Password) values ('NV10023','123456789')
insert into [dbo].[AccountNhanVien] (IDNhanVien,Password) values ('NV10024','123456789')
insert into [dbo].[AccountNhanVien] (IDNhanVien,Password) values ('NV10025','123456789')
insert into [dbo].[AccountNhanVien] (IDNhanVien,Password) values ('NV10026','123456789')
insert into [dbo].[AccountNhanVien] (IDNhanVien,Password) values ('NV10027','123456789')
insert into [dbo].[AccountNhanVien] (IDNhanVien,Password) values ('NV10028','123456789')
insert into [dbo].[AccountNhanVien] (IDNhanVien,Password) values ('NV10029','123456789')
insert into [dbo].[AccountNhanVien] (IDNhanVien,Password) values ('NV10030','123456789')
insert into [dbo].[AccountNhanVien] (IDNhanVien,Password) values ('NV10031','123456789')
insert into [dbo].[AccountNhanVien] (IDNhanVien,Password) values ('NV10032','123456789')
insert into [dbo].[AccountNhanVien] (IDNhanVien,Password) values ('NV10033','123456789')
insert into [dbo].[AccountNhanVien] (IDNhanVien,Password) values ('NV10034','123456789')
insert into [dbo].[AccountNhanVien] (IDNhanVien,Password) values ('NV10035','123456789')
insert into [dbo].[AccountNhanVien] (IDNhanVien,Password) values ('NV10036','123456789')
insert into [dbo].[AccountNhanVien] (IDNhanVien,Password) values ('NV10037','123456789')
insert into [dbo].[AccountNhanVien] (IDNhanVien,Password) values ('NV10038','123456789')
insert into [dbo].[AccountNhanVien] (IDNhanVien,Password) values ('NV10039','123456789')
insert into [dbo].[AccountNhanVien] (IDNhanVien,Password) values ('NV10040','123456789')
insert into [dbo].[AccountNhanVien] (IDNhanVien,Password) values ('NV10041','123456789')
insert into [dbo].[AccountNhanVien] (IDNhanVien,Password) values ('NV10042','123456789')
insert into [dbo].[AccountNhanVien] (IDNhanVien,Password) values ('NV10043','123456789')
insert into [dbo].[AccountNhanVien] (IDNhanVien,Password) values ('NV10044','123456789')
insert into [dbo].[AccountNhanVien] (IDNhanVien,Password) values ('NV10045','123456789')
insert into [dbo].[AccountNhanVien] (IDNhanVien,Password) values ('NV10046','123456789')
insert into [dbo].[AccountNhanVien] (IDNhanVien,Password) values ('NV10047','123456789')
insert into [dbo].[AccountNhanVien] (IDNhanVien,Password) values ('NV10048','123456789')
insert into [dbo].[AccountNhanVien] (IDNhanVien,Password) values ('NV10049','123456789')
insert into [dbo].[AccountNhanVien] (IDNhanVien,Password) values ('NV10050','123456789')
insert into [dbo].[AccountNhanVien] (IDNhanVien,Password) values ('NV10051','123456789')
insert into [dbo].[AccountNhanVien] (IDNhanVien,Password) values ('NV10052','123456789')
insert into [dbo].[AccountNhanVien] (IDNhanVien,Password) values ('NV10053','123456789')
insert into [dbo].[AccountNhanVien] (IDNhanVien,Password) values ('NV10054','123456789')
insert into [dbo].[AccountNhanVien] (IDNhanVien,Password) values ('NV10055','123456789')
insert into [dbo].[AccountNhanVien] (IDNhanVien,Password) values ('NV10056','123456789')
insert into [dbo].[AccountNhanVien] (IDNhanVien,Password) values ('NV10057','123456789')
insert into [dbo].[AccountNhanVien] (IDNhanVien,Password) values ('NV10058','123456789')
insert into [dbo].[AccountNhanVien] (IDNhanVien,Password) values ('NV10059','123456789')
insert into [dbo].[AccountNhanVien] (IDNhanVien,Password) values ('NV10060','123456789')
insert into [dbo].[AccountNhanVien] (IDNhanVien,Password) values ('NV10061','123456789')
insert into [dbo].[AccountNhanVien] (IDNhanVien,Password) values ('NV10062','123456789')
insert into [dbo].[AccountNhanVien] (IDNhanVien,Password) values ('NV10063','123456789')
insert into [dbo].[AccountNhanVien] (IDNhanVien,Password) values ('NV10064','123456789')
insert into [dbo].[AccountNhanVien] (IDNhanVien,Password) values ('NV10065','123456789')
insert into [dbo].[AccountNhanVien] (IDNhanVien,Password) values ('NV10066','123456789')
insert into [dbo].[AccountNhanVien] (IDNhanVien,Password) values ('NV10067','123456789')
insert into [dbo].[AccountNhanVien] (IDNhanVien,Password) values ('NV10068','123456789')
insert into [dbo].[AccountNhanVien] (IDNhanVien,Password) values ('NV10069','123456789')
insert into [dbo].[AccountNhanVien] (IDNhanVien,Password) values ('NV10070','123456789')
insert into [dbo].[AccountNhanVien] (IDNhanVien,Password) values ('NV10071','123456789')
insert into [dbo].[AccountNhanVien] (IDNhanVien,Password) values ('NV10072','123456789')
insert into [dbo].[AccountNhanVien] (IDNhanVien,Password) values ('NV10073','123456789')
insert into [dbo].[AccountNhanVien] (IDNhanVien,Password) values ('NV10074','123456789')
insert into [dbo].[AccountNhanVien] (IDNhanVien,Password) values ('NV10075','123456789')
insert into [dbo].[AccountNhanVien] (IDNhanVien,Password) values ('NV10076','123456789')
insert into [dbo].[AccountNhanVien] (IDNhanVien,Password) values ('NV10077','123456789')
insert into [dbo].[AccountNhanVien] (IDNhanVien,Password) values ('NV10078','123456789')
insert into [dbo].[AccountNhanVien] (IDNhanVien,Password) values ('NV10079','123456789')
insert into [dbo].[AccountNhanVien] (IDNhanVien,Password) values ('NV10080','123456789')
insert into [dbo].[AccountNhanVien] (IDNhanVien,Password) values ('NV10081','123456789')
insert into [dbo].[AccountNhanVien] (IDNhanVien,Password) values ('NV10082','123456789')
insert into [dbo].[AccountNhanVien] (IDNhanVien,Password) values ('NV10083','123456789')
insert into [dbo].[AccountNhanVien] (IDNhanVien,Password) values ('NV10084','123456789')
insert into [dbo].[AccountNhanVien] (IDNhanVien,Password) values ('NV10085','123456789')
insert into [dbo].[AccountNhanVien] (IDNhanVien,Password) values ('NV10086','123456789')
insert into [dbo].[AccountNhanVien] (IDNhanVien,Password) values ('NV10087','123456789')
insert into [dbo].[AccountNhanVien] (IDNhanVien,Password) values ('NV10088','123456789')
insert into [dbo].[AccountNhanVien] (IDNhanVien,Password) values ('NV10089','123456789')
insert into [dbo].[AccountNhanVien] (IDNhanVien,Password) values ('NV10090','123456789')
insert into [dbo].[AccountNhanVien] (IDNhanVien,Password) values ('NV10091','123456789')
insert into [dbo].[AccountNhanVien] (IDNhanVien,Password) values ('NV10092','123456789')
insert into [dbo].[AccountNhanVien] (IDNhanVien,Password) values ('NV10093','123456789')
insert into [dbo].[AccountNhanVien] (IDNhanVien,Password) values ('NV10094','123456789')
insert into [dbo].[AccountNhanVien] (IDNhanVien,Password) values ('NV10095','123456789')
insert into [dbo].[AccountNhanVien] (IDNhanVien,Password) values ('NV10096','123456789')
insert into [dbo].[AccountNhanVien] (IDNhanVien,Password) values ('NV10097','123456789')
insert into [dbo].[AccountNhanVien] (IDNhanVien,Password) values ('NV10098','123456789')
insert into [dbo].[AccountNhanVien] (IDNhanVien,Password) values ('NV10099','123456789')



insert into [dbo].[KhachHang] (MaKhachHang, Ten, DiaChi, SDT, ChiNhanhQuanLy) values ('KH10000',N'Trần Hùng Trần Hiếu',N'Đường số 7, Quận 1','0951482673','CN10004')
insert into [dbo].[KhachHang] (MaKhachHang, Ten, DiaChi, SDT, ChiNhanhQuanLy) values ('KH10001',N'Hùng Bùi Tâm Quốc',N'Đường số 7, Quận 5','0938172564','CN10000')
insert into [dbo].[KhachHang] (MaKhachHang, Ten, DiaChi, SDT, ChiNhanhQuanLy) values ('KH10002',N'Lê Hoàng Quang Quang',N'Nguyễn Lữ, Quận 1','0932475186','CN10006')
insert into [dbo].[KhachHang] (MaKhachHang, Ten, DiaChi, SDT, ChiNhanhQuanLy) values ('KH10003',N'Nguyễn Ngô Bá Vũ',N'Đường số 6, Quận 9','0924736581','CN10013')
insert into [dbo].[KhachHang] (MaKhachHang, Ten, DiaChi, SDT, ChiNhanhQuanLy) values ('KH10004',N'Ngô Ngô Thanh Vinh',N'Võ Thị Sáu, Quận 5','0916287543','CN10006')
insert into [dbo].[KhachHang] (MaKhachHang, Ten, DiaChi, SDT, ChiNhanhQuanLy) values ('KH10005',N'Huỳnh Hùng Chí Quốc',N'Nguyễn Lữ, Quận 10','0967851342','CN10008')
insert into [dbo].[KhachHang] (MaKhachHang, Ten, DiaChi, SDT, ChiNhanhQuanLy) values ('KH10006',N'Trần Đồng Minh Minh',N'Trần Đình Giót, Quận 2','0914763285','CN10000')
insert into [dbo].[KhachHang] (MaKhachHang, Ten, DiaChi, SDT, ChiNhanhQuanLy) values ('KH10007',N'Phạm Trịnh Thanh Thành',N'Đường số 6, Quận Bình Tân','0974182563','CN10010')
insert into [dbo].[KhachHang] (MaKhachHang, Ten, DiaChi, SDT, ChiNhanhQuanLy) values ('KH10008',N'Trịnh Mỹ Trịnh Mỹ',N'Quang Trung, Quận 6','0948153762','CN10001')
insert into [dbo].[KhachHang] (MaKhachHang, Ten, DiaChi, SDT, ChiNhanhQuanLy) values ('KH10009',N'Vũ Bùi Bá Bạc',N'Trần Quốc Tuấn, Quận Tân Bình','0938675421','CN10016')
insert into [dbo].[KhachHang] (MaKhachHang, Ten, DiaChi, SDT, ChiNhanhQuanLy) values ('KH10010',N'Bùi Trọng Tâm Ái',N'Đường số 6, Quận 8','0971428365','CN10008')
insert into [dbo].[KhachHang] (MaKhachHang, Ten, DiaChi, SDT, ChiNhanhQuanLy) values ('KH10011',N'Trần Mỹ Trần Trung',N'Võ Thị Sáu, Quận 5','0924736581','CN10005')
insert into [dbo].[KhachHang] (MaKhachHang, Ten, DiaChi, SDT, ChiNhanhQuanLy) values ('KH10012',N'Bùi Mỹ Quang Hùng',N'Trần Quốc Tuấn, Quận Tân Bình','0931654872','CN10011')
insert into [dbo].[KhachHang] (MaKhachHang, Ten, DiaChi, SDT, ChiNhanhQuanLy) values ('KH10013',N'Trần Trọng Quang Vinh',N'Võ Nguyên Giáp, Quận 8','0962781453','CN10009')
insert into [dbo].[KhachHang] (MaKhachHang, Ten, DiaChi, SDT, ChiNhanhQuanLy) values ('KH10014',N'Phạm Mỹ Văn Quang',N'Đường số 6, Quận 1','0962174385','CN10001')
insert into [dbo].[KhachHang] (MaKhachHang, Ten, DiaChi, SDT, ChiNhanhQuanLy) values ('KH10015',N'Trần Nguyễn Bá Chí',N'Nguyễn Lữ, Quận 8','0957286431','CN10006')
insert into [dbo].[KhachHang] (MaKhachHang, Ten, DiaChi, SDT, ChiNhanhQuanLy) values ('KH10016',N'Ngô Mỹ Lê Trung',N'Võ Nguyên Giáp, Quận Bình Thạnh','0964825371','CN10012')
insert into [dbo].[KhachHang] (MaKhachHang, Ten, DiaChi, SDT, ChiNhanhQuanLy) values ('KH10017',N'Dương Nguyễn Văn Vũ',N'Nguyễn Huệ, Quận Bình Thạnh','0924736581','CN10006')
insert into [dbo].[KhachHang] (MaKhachHang, Ten, DiaChi, SDT, ChiNhanhQuanLy) values ('KH10018',N'Trần Ngô Văn Trường',N'Nguyễn Lữ, Quận 5','0967253184','CN10001')
insert into [dbo].[KhachHang] (MaKhachHang, Ten, DiaChi, SDT, ChiNhanhQuanLy) values ('KH10019',N'Hùng Mỹ Trần Minh',N'Nguyễn Bá Loan, Quận Gò Vấp','0916827354','CN10011')
insert into [dbo].[KhachHang] (MaKhachHang, Ten, DiaChi, SDT, ChiNhanhQuanLy) values ('KH10020',N'Trần Vũ Trịnh Quốc',N'Cách Mạng Tháng 8, Quận 9','0982617354','CN10005')
insert into [dbo].[KhachHang] (MaKhachHang, Ten, DiaChi, SDT, ChiNhanhQuanLy) values ('KH10021',N'Hùng Hùng Tâm Vinh',N'Trần Đình Giót, Quận 8','0978452163','CN10003')
insert into [dbo].[KhachHang] (MaKhachHang, Ten, DiaChi, SDT, ChiNhanhQuanLy) values ('KH10022',N'Trịnh Phan Tâm Xuân',N'Trần Đình Giót, Quận Tân Bình','0947326581','CN10018')
insert into [dbo].[KhachHang] (MaKhachHang, Ten, DiaChi, SDT, ChiNhanhQuanLy) values ('KH10023',N'Phan Ngô Thanh Vinh',N'Ngô Văn Khuê, Quận 5','0986715243','CN10010')
insert into [dbo].[KhachHang] (MaKhachHang, Ten, DiaChi, SDT, ChiNhanhQuanLy) values ('KH10024',N'Phan Trần Trần Tâm',N'Võ Thị Sáu, Quận 8','0964825371','CN10018')
insert into [dbo].[KhachHang] (MaKhachHang, Ten, DiaChi, SDT, ChiNhanhQuanLy) values ('KH10025',N'Vũ Lê Tâm Vinh',N'Cách Mạng Tháng 8, Quận 5','0942853761','CN10012')
insert into [dbo].[KhachHang] (MaKhachHang, Ten, DiaChi, SDT, ChiNhanhQuanLy) values ('KH10026',N'Bùi Trịnh Chí Xuân',N'Đường số 6, Quận 3','0915482673','CN10017')
insert into [dbo].[KhachHang] (MaKhachHang, Ten, DiaChi, SDT, ChiNhanhQuanLy) values ('KH10027',N'Trần Vũ Trịnh Quốc',N'Đường số 7, Quận 6','0946718253','CN10012')
insert into [dbo].[KhachHang] (MaKhachHang, Ten, DiaChi, SDT, ChiNhanhQuanLy) values ('KH10028',N'Đồng Trần Bá Trường',N'Nguyễn Bá Loan, Quận 3','0956481372','CN10001')
insert into [dbo].[KhachHang] (MaKhachHang, Ten, DiaChi, SDT, ChiNhanhQuanLy) values ('KH10029',N'Phạm Trịnh Thanh Thành',N'Trần Đình Giót, Quận 6','0936742851','CN10008')
insert into [dbo].[KhachHang] (MaKhachHang, Ten, DiaChi, SDT, ChiNhanhQuanLy) values ('KH10030',N'Hoàng Trần Trịnh Vũ',N'Nguyễn Bá Loan, Quận Bình Thạnh','0928317465','CN10010')
insert into [dbo].[KhachHang] (MaKhachHang, Ten, DiaChi, SDT, ChiNhanhQuanLy) values ('KH10031',N'Dương Nguyễn Văn Vũ',N'Nguyễn Huệ, Quận 9','0964218375','CN10011')
insert into [dbo].[KhachHang] (MaKhachHang, Ten, DiaChi, SDT, ChiNhanhQuanLy) values ('KH10032',N'Hùng Bùi Lê Quốc',N'Trần Quốc Tuấn, Quận Bình Thạnh','0978452163','CN10001')
insert into [dbo].[KhachHang] (MaKhachHang, Ten, DiaChi, SDT, ChiNhanhQuanLy) values ('KH10033',N'Phạm Bùi Thanh Vũ',N'Cách Mạng Tháng 8, Quận 6','0925463871','CN10012')
insert into [dbo].[KhachHang] (MaKhachHang, Ten, DiaChi, SDT, ChiNhanhQuanLy) values ('KH10034',N'Phan Ngô Lê Tâm',N'Nguyễn Huệ, Quận Bình Thạnh','0967253184','CN10000')
insert into [dbo].[KhachHang] (MaKhachHang, Ten, DiaChi, SDT, ChiNhanhQuanLy) values ('KH10035',N'Ngô Nguyễn Tâm Tâm',N'Ngô Văn Khuê, Quận 1','0936742851','CN10018')
insert into [dbo].[KhachHang] (MaKhachHang, Ten, DiaChi, SDT, ChiNhanhQuanLy) values ('KH10036',N'Trần Vũ Trịnh Quốc',N'Trần Quốc Tuấn, Quận Bình Tân','0981372564','CN10005')
insert into [dbo].[KhachHang] (MaKhachHang, Ten, DiaChi, SDT, ChiNhanhQuanLy) values ('KH10037',N'Bùi Trịnh Chí Xuân',N'Trần Trương, Quận Gò Vấp','0932871564','CN10018')
insert into [dbo].[KhachHang] (MaKhachHang, Ten, DiaChi, SDT, ChiNhanhQuanLy) values ('KH10038',N'Phan Mỹ Văn Vương',N'Nguyễn Huệ, Quận Tân Bình','0952187643','CN10018')
insert into [dbo].[KhachHang] (MaKhachHang, Ten, DiaChi, SDT, ChiNhanhQuanLy) values ('KH10039',N'Trần Lê Minh Chí',N'Võ Thị Sáu, Quận Bình Tân','0943672185','CN10009')
insert into [dbo].[KhachHang] (MaKhachHang, Ten, DiaChi, SDT, ChiNhanhQuanLy) values ('KH10040',N'Dương Mỹ Trịnh Mỹ',N'Nguyễn Huệ, Quận Tân Bình','0928317465','CN10016')
insert into [dbo].[KhachHang] (MaKhachHang, Ten, DiaChi, SDT, ChiNhanhQuanLy) values ('KH10041',N'Nguyễn Trịnh Trần Hiếu',N'Nguyễn Huệ, Quận Tân Phú','0976235481','CN10011')
insert into [dbo].[KhachHang] (MaKhachHang, Ten, DiaChi, SDT, ChiNhanhQuanLy) values ('KH10042',N'Vũ Lê Tâm Vinh',N'Cách Mạng Tháng 8, Quận 1','0934687521','CN10008')
insert into [dbo].[KhachHang] (MaKhachHang, Ten, DiaChi, SDT, ChiNhanhQuanLy) values ('KH10043',N'Nguyễn Ngô Bá Vũ',N'Võ Nguyên Giáp, Quận Bình Tân','0985371462','CN10016')
insert into [dbo].[KhachHang] (MaKhachHang, Ten, DiaChi, SDT, ChiNhanhQuanLy) values ('KH10044',N'Bùi Nguyễn Lê Vũ',N'Trần Trương, Quận Bình Thạnh','0916287543','CN10014')
insert into [dbo].[KhachHang] (MaKhachHang, Ten, DiaChi, SDT, ChiNhanhQuanLy) values ('KH10045',N'Ngô Mỹ Lê Trung',N'Trần Đình Giót, Quận 8','0956481372','CN10003')
insert into [dbo].[KhachHang] (MaKhachHang, Ten, DiaChi, SDT, ChiNhanhQuanLy) values ('KH10046',N'Trần Ngô Văn Trường',N'Võ Nguyên Giáp, Quận 3','0983426571','CN10014')
insert into [dbo].[KhachHang] (MaKhachHang, Ten, DiaChi, SDT, ChiNhanhQuanLy) values ('KH10047',N'Bùi Mỹ Lê Vương',N'Võ Thị Sáu, Quận Bình Tân','0973462185','CN10000')
insert into [dbo].[KhachHang] (MaKhachHang, Ten, DiaChi, SDT, ChiNhanhQuanLy) values ('KH10048',N'Đồng Trọng Minh Trung',N'Quang Trung, Quận 1','0981765432','CN10016')
insert into [dbo].[KhachHang] (MaKhachHang, Ten, DiaChi, SDT, ChiNhanhQuanLy) values ('KH10049',N'Trịnh Dương Quang Trường',N'Đường số 6, Quận Tân Phú','0942357681','CN10000')


insert into [dbo].[ChuNha] (MaChuNha, TenChuNha, TinhTrang, DiaChi, LoaiChuNha, SDT) values ('LL10000',N'Hoàng Hùng Quang Quang',1,N'Quang Trung, Quận 8',1,'0916827354')
insert into [dbo].[ChuNha] (MaChuNha, TenChuNha, TinhTrang, DiaChi, LoaiChuNha, SDT) values ('LL10001',N'Hùng Phan Văn Xuân',1,N'Nguyễn Lữ, Quận 8',1,'0986715243')
insert into [dbo].[ChuNha] (MaChuNha, TenChuNha, TinhTrang, DiaChi, LoaiChuNha, SDT) values ('LL10002',N'Ngô Nguyễn Minh Quốc',1,N'Trần Đình Giót, Quận 8',1,'0947326581')
insert into [dbo].[ChuNha] (MaChuNha, TenChuNha, TinhTrang, DiaChi, LoaiChuNha, SDT) values ('LL10003',N'Bùi Bùi Tâm Trung',1,N'Trần Đình Giót, Quận 3',1,'0918354762')
insert into [dbo].[ChuNha] (MaChuNha, TenChuNha, TinhTrang, DiaChi, LoaiChuNha, SDT) values ('LL10004',N'Lê Hùng Trần Hùng',1,N'Quang Trung, Quận 6',1,'0942357681')
insert into [dbo].[ChuNha] (MaChuNha, TenChuNha, TinhTrang, DiaChi, LoaiChuNha, SDT) values ('LL10005',N'Trần Huỳnh Văn Tâm',1,N'Trần Quốc Tuấn, Quận 2',1,'0914265873')
insert into [dbo].[ChuNha] (MaChuNha, TenChuNha, TinhTrang, DiaChi, LoaiChuNha, SDT) values ('LL10006',N'Trần Bùi Văn Quốc',1,N'Trần Đình Giót, Quận 2',1,'0954862173')
insert into [dbo].[ChuNha] (MaChuNha, TenChuNha, TinhTrang, DiaChi, LoaiChuNha, SDT) values ('LL10007',N'Hoàng Bùi Quang Hiếu',1,N'Võ Thị Sáu, Quận Gò Vấp',1,'0938675421')
insert into [dbo].[ChuNha] (MaChuNha, TenChuNha, TinhTrang, DiaChi, LoaiChuNha, SDT) values ('LL10008',N'Vũ Vương Minh Vinh',1,N'Võ Nguyên Giáp, Quận Gò Vấp',1,'0965432871')
insert into [dbo].[ChuNha] (MaChuNha, TenChuNha, TinhTrang, DiaChi, LoaiChuNha, SDT) values ('LL10009',N'Ngô Đồng Quang Ái',1,N'Võ Nguyên Giáp, Quận 9',1,'0943672185')
insert into [dbo].[ChuNha] (MaChuNha, TenChuNha, TinhTrang, DiaChi, LoaiChuNha, SDT) values ('LL10010',N'Bùi Bùi Tâm Trung',1,N'Nguyễn Lữ, Quận Tân Phú',1,'0981372564')
insert into [dbo].[ChuNha] (MaChuNha, TenChuNha, TinhTrang, DiaChi, LoaiChuNha, SDT) values ('LL10011',N'Mỹ Vương Quang Trường',1,N'Ngô Văn Khuê, Quận Tân Bình',1,'0962781453')
insert into [dbo].[ChuNha] (MaChuNha, TenChuNha, TinhTrang, DiaChi, LoaiChuNha, SDT) values ('LL10012',N'Đồng Phạm Trần Minh',1,N'Cách Mạng Tháng 8, Quận 8',1,'0956481372')
insert into [dbo].[ChuNha] (MaChuNha, TenChuNha, TinhTrang, DiaChi, LoaiChuNha, SDT) values ('LL10013',N'Mỹ Vương Quang Trường',1,N'Trần Quốc Tuấn, Quận 6',1,'0941628375')
insert into [dbo].[ChuNha] (MaChuNha, TenChuNha, TinhTrang, DiaChi, LoaiChuNha, SDT) values ('LL10014',N'Dương Mỹ Trịnh Thịnh',1,N'Đường số 7, Quận 4',1,'0963487521')
insert into [dbo].[ChuNha] (MaChuNha, TenChuNha, TinhTrang, DiaChi, LoaiChuNha, SDT) values ('LL10015',N'Phan Huỳnh Trịnh Vương',1,N'Ngô Văn Khuê, Quận 6',1,'0972146583')
insert into [dbo].[ChuNha] (MaChuNha, TenChuNha, TinhTrang, DiaChi, LoaiChuNha, SDT) values ('LL10016',N'Phạm Ngô Trịnh Ái',1,N'Nguyễn Huệ, Quận 1',1,'0938172564')
insert into [dbo].[ChuNha] (MaChuNha, TenChuNha, TinhTrang, DiaChi, LoaiChuNha, SDT) values ('LL10017',N'Huỳnh Hoàng Tâm Vũ',1,N'Trần Đình Giót, Quận Tân Bình',1,'0953627481')
insert into [dbo].[ChuNha] (MaChuNha, TenChuNha, TinhTrang, DiaChi, LoaiChuNha, SDT) values ('LL10018',N'Trọng Trần Bá Trung',1,N'Cách Mạng Tháng 8, Quận Gò Vấp',1,'0958624371')
insert into [dbo].[ChuNha] (MaChuNha, TenChuNha, TinhTrang, DiaChi, LoaiChuNha, SDT) values ('LL10019',N'Trần Trần Minh Thành',1,N'Đường số 6, Quận 1',1,'0952817364')
insert into [dbo].[ChuNha] (MaChuNha, TenChuNha, TinhTrang, DiaChi, LoaiChuNha, SDT) values ('LL10020',N'Trần Trịnh Thanh Trung',1,N'Trần Quốc Tuấn, Quận 2',1,'0987425361')
insert into [dbo].[ChuNha] (MaChuNha, TenChuNha, TinhTrang, DiaChi, LoaiChuNha, SDT) values ('LL10021',N'Ngô Đồng Thanh Minh',1,N'Nguyễn Lữ, Quận Bình Tân',1,'0952187643')
insert into [dbo].[ChuNha] (MaChuNha, TenChuNha, TinhTrang, DiaChi, LoaiChuNha, SDT) values ('LL10022',N'Vũ Vương Minh Vinh',1,N'Ngô Văn Khuê, Quận 4',1,'0962781453')
insert into [dbo].[ChuNha] (MaChuNha, TenChuNha, TinhTrang, DiaChi, LoaiChuNha, SDT) values ('LL10023',N'Hùng Lê Chí Bạc',1,N'Trần Quốc Tuấn, Quận Bình Tân',1,'0941628375')
insert into [dbo].[ChuNha] (MaChuNha, TenChuNha, TinhTrang, DiaChi, LoaiChuNha, SDT) values ('LL10024',N'Đồng Vương Bá Tâm',1,N'Quang Trung, Quận 3',1,'0937462185')
insert into [dbo].[ChuNha] (MaChuNha, TenChuNha, TinhTrang, DiaChi, LoaiChuNha, SDT) values ('LL10025',N'Bùi Bùi Tâm Trung',1,N'Võ Thị Sáu, Quận 1',1,'0927486531')
insert into [dbo].[ChuNha] (MaChuNha, TenChuNha, TinhTrang, DiaChi, LoaiChuNha, SDT) values ('LL10026',N'Trịnh Trần Quang Minh',1,N'Võ Nguyên Giáp, Quận Tân Bình',1,'0958127364')
insert into [dbo].[ChuNha] (MaChuNha, TenChuNha, TinhTrang, DiaChi, LoaiChuNha, SDT) values ('LL10027',N'Dương Huỳnh Chí Vương',1,N'Trần Đình Giót, Quận 8',1,'0982617354')
insert into [dbo].[ChuNha] (MaChuNha, TenChuNha, TinhTrang, DiaChi, LoaiChuNha, SDT) values ('LL10028',N'Dương Nguyễn Chí Thành',1,N'Trần Quốc Tuấn, Quận 8',1,'0942357681')
insert into [dbo].[ChuNha] (MaChuNha, TenChuNha, TinhTrang, DiaChi, LoaiChuNha, SDT) values ('LL10029',N'Đồng Đồng Văn Bạc',1,N'Đường số 7, Quận 3',1,'0975418263')
insert into [dbo].[ChuNha] (MaChuNha, TenChuNha, TinhTrang, DiaChi, LoaiChuNha, SDT) values ('LL10030',N'Bùi Phan Văn Quốc',1,N'Ngô Văn Khuê, Quận 2',1,'0946718253')
insert into [dbo].[ChuNha] (MaChuNha, TenChuNha, TinhTrang, DiaChi, LoaiChuNha, SDT) values ('LL10031',N'Bùi Hoàng Chí Ái',1,N'Trần Đình Giót, Quận 3',1,'0918753264')
insert into [dbo].[ChuNha] (MaChuNha, TenChuNha, TinhTrang, DiaChi, LoaiChuNha, SDT) values ('LL10032',N'Nguyễn Dương Minh Thành',1,N'Trần Quốc Tuấn, Quận Bình Tân',1,'0947326581')
insert into [dbo].[ChuNha] (MaChuNha, TenChuNha, TinhTrang, DiaChi, LoaiChuNha, SDT) values ('LL10033',N'Ngô Đồng Quang Ái',1,N'Đường số 7, Quận Tân Bình',1,'0923487651')
insert into [dbo].[ChuNha] (MaChuNha, TenChuNha, TinhTrang, DiaChi, LoaiChuNha, SDT) values ('LL10034',N'Trần Bùi Văn Quốc',1,N'Võ Thị Sáu, Quận Tân Bình',1,'0972146583')
insert into [dbo].[ChuNha] (MaChuNha, TenChuNha, TinhTrang, DiaChi, LoaiChuNha, SDT) values ('LL10035',N'Ngô Mỹ Thanh Quốc',1,N'Nguyễn Bá Loan, Quận 8',1,'0986175432')
insert into [dbo].[ChuNha] (MaChuNha, TenChuNha, TinhTrang, DiaChi, LoaiChuNha, SDT) values ('LL10036',N'Mỹ Bùi Lê Việt',1,N'Đường số 7, Quận 10',1,'0938675421')
insert into [dbo].[ChuNha] (MaChuNha, TenChuNha, TinhTrang, DiaChi, LoaiChuNha, SDT) values ('LL10037',N'Đồng Phan Tâm Bạc',1,N'Cách Mạng Tháng 8, Quận 1',1,'0952817364')
insert into [dbo].[ChuNha] (MaChuNha, TenChuNha, TinhTrang, DiaChi, LoaiChuNha, SDT) values ('LL10038',N'Huỳnh Trọng Tâm Quốc',1,N'Quang Trung, Quận Tân Phú',1,'0927486531')
insert into [dbo].[ChuNha] (MaChuNha, TenChuNha, TinhTrang, DiaChi, LoaiChuNha, SDT) values ('LL10039',N'Bùi Phan Văn Quốc',1,N'Nguyễn Lữ, Quận 5',1,'0951482673')
insert into [dbo].[ChuNha] (MaChuNha, TenChuNha, TinhTrang, DiaChi, LoaiChuNha, SDT) values ('LL10040',N'Trịnh Trần Quang Minh',1,N'Nguyễn Bá Loan, Quận 4',1,'0924138576')
insert into [dbo].[ChuNha] (MaChuNha, TenChuNha, TinhTrang, DiaChi, LoaiChuNha, SDT) values ('LL10041',N'Đồng Trần Thanh Trường',1,N'Trần Đình Giót, Quận 1',1,'0932475186')
insert into [dbo].[ChuNha] (MaChuNha, TenChuNha, TinhTrang, DiaChi, LoaiChuNha, SDT) values ('LL10042',N'Bùi Hoàng Chí Ái',1,N'Đường số 6, Quận Tân Bình',1,'0918753264')
insert into [dbo].[ChuNha] (MaChuNha, TenChuNha, TinhTrang, DiaChi, LoaiChuNha, SDT) values ('LL10043',N'Bùi Hoàng Trịnh Chí',1,N'Đường số 7, Quận 3',1,'0973462185')
insert into [dbo].[ChuNha] (MaChuNha, TenChuNha, TinhTrang, DiaChi, LoaiChuNha, SDT) values ('LL10044',N'Trần Ngô Chí Mỹ',1,N'Đường số 7, Quận Bình Thạnh',1,'0926781453')
insert into [dbo].[ChuNha] (MaChuNha, TenChuNha, TinhTrang, DiaChi, LoaiChuNha, SDT) values ('LL10045',N'Vũ Huỳnh Trần Chí',1,N'Trần Trương, Quận 10',1,'0935418276')
insert into [dbo].[ChuNha] (MaChuNha, TenChuNha, TinhTrang, DiaChi, LoaiChuNha, SDT) values ('LL10046',N'Ngô Phan Chí Thành',1,N'Võ Thị Sáu, Quận Tân Phú',1,'0956481372')
insert into [dbo].[ChuNha] (MaChuNha, TenChuNha, TinhTrang, DiaChi, LoaiChuNha, SDT) values ('LL10047',N'Phan Lê Bá Thịnh',1,N'Đường số 6, Quận 6',1,'0984153762')
insert into [dbo].[ChuNha] (MaChuNha, TenChuNha, TinhTrang, DiaChi, LoaiChuNha, SDT) values ('LL10048',N'Hùng Mỹ Quang Xuân',1,N'Trần Trương, Quận Tân Phú',1,'0964218375')
insert into [dbo].[ChuNha] (MaChuNha, TenChuNha, TinhTrang, DiaChi, LoaiChuNha, SDT) values ('LL10049',N'Hoàng Trịnh Trịnh Vinh',1,N'Trần Đình Giót, Quận Bình Tân',1,'0973462185')




insert into [dbo].[LoaiNha] (Ten) values (N'Nhà cấp 1');
insert into [dbo].[LoaiNha] (Ten) values (N'Nhà cấp 2');
insert into [dbo].[LoaiNha] (Ten) values (N'Nhà cấp 3');
insert into [dbo].[LoaiNha] (Ten) values (N'Nhà cấp 4');
insert into [dbo].[LoaiNha] (Ten) values (N'Nhà biệt thự');
insert into [dbo].[LoaiNha] (Ten) values (N'Nhà chung cư');
insert into [dbo].[LoaiNha] (Ten) values (N'Nhà gần sông');
insert into [dbo].[LoaiNha] (Ten) values (N'Nhà mặt tiền');
insert into [dbo].[LoaiNha] (Ten) values (N'Nhà trong hẻm');


insert into [dbo].[Nha] (SoPhong, DiaChi, LuotXem, TinhTrang, NgayDang, NgayHetHan, KieuNha, NVQuanLy, ChuNha, LoaiNha) values (1,N'Nguyễn Bá Loan, Quận 8',500,1,'2019-11-30','2020-12-30',0,'NV10012','LL10036',5)
insert into [dbo].[Nha] (SoPhong, DiaChi, LuotXem, TinhTrang, NgayDang, NgayHetHan, KieuNha, NVQuanLy, ChuNha, LoaiNha) values (2,N'Trần Quốc Tuấn, Quận Tân Bình',500,1,'2019-11-30','2020-12-30',0,'NV10017','LL10021',2)
insert into [dbo].[Nha] (SoPhong, DiaChi, LuotXem, TinhTrang, NgayDang, NgayHetHan, KieuNha, NVQuanLy, ChuNha, LoaiNha) values (5,N'Nguyễn Lữ, Quận 2',500,1,'2019-11-30','2020-12-30',0,'NV10060','LL10010',3)
insert into [dbo].[Nha] (SoPhong, DiaChi, LuotXem, TinhTrang, NgayDang, NgayHetHan, KieuNha, NVQuanLy, ChuNha, LoaiNha) values (4,N'Võ Nguyên Giáp, Quận Gò Vấp',500,1,'2019-11-30','2020-12-30',0,'NV10048','LL10028',6)
insert into [dbo].[Nha] (SoPhong, DiaChi, LuotXem, TinhTrang, NgayDang, NgayHetHan, KieuNha, NVQuanLy, ChuNha, LoaiNha) values (1,N'Nguyễn Bá Loan, Quận 6',500,1,'2019-11-30','2020-12-30',0,'NV10003','LL10042',2)
insert into [dbo].[Nha] (SoPhong, DiaChi, LuotXem, TinhTrang, NgayDang, NgayHetHan, KieuNha, NVQuanLy, ChuNha, LoaiNha) values (5,N'Trần Trương, Quận 1',500,1,'2019-11-30','2020-12-30',0,'NV10022','LL10004',4)
insert into [dbo].[Nha] (SoPhong, DiaChi, LuotXem, TinhTrang, NgayDang, NgayHetHan, KieuNha, NVQuanLy, ChuNha, LoaiNha) values (2,N'Quang Trung, Quận Tân Bình',500,1,'2019-11-30','2020-12-30',0,'NV10043','LL10032',6)
insert into [dbo].[Nha] (SoPhong, DiaChi, LuotXem, TinhTrang, NgayDang, NgayHetHan, KieuNha, NVQuanLy, ChuNha, LoaiNha) values (3,N'Trần Trương, Quận Tân Bình',500,1,'2019-11-30','2020-12-30',0,'NV10041','LL10049',4)
insert into [dbo].[Nha] (SoPhong, DiaChi, LuotXem, TinhTrang, NgayDang, NgayHetHan, KieuNha, NVQuanLy, ChuNha, LoaiNha) values (1,N'Nguyễn Bá Loan, Quận 3',500,1,'2019-11-30','2020-12-30',0,'NV10071','LL10019',5)
insert into [dbo].[Nha] (SoPhong, DiaChi, LuotXem, TinhTrang, NgayDang, NgayHetHan, KieuNha, NVQuanLy, ChuNha, LoaiNha) values (2,N'Cách Mạng Tháng 8, Quận 3',500,1,'2019-11-30','2020-12-30',0,'NV10000','LL10022',1)
insert into [dbo].[Nha] (SoPhong, DiaChi, LuotXem, TinhTrang, NgayDang, NgayHetHan, KieuNha, NVQuanLy, ChuNha, LoaiNha) values (3,N'Nguyễn Bá Loan, Quận 2',500,1,'2019-11-30','2020-12-30',0,'NV10070','LL10018',4)
insert into [dbo].[Nha] (SoPhong, DiaChi, LuotXem, TinhTrang, NgayDang, NgayHetHan, KieuNha, NVQuanLy, ChuNha, LoaiNha) values (5,N'Đường số 7, Quận Bình Thạnh',500,1,'2019-11-30','2020-12-30',0,'NV10083','LL10002',5)
insert into [dbo].[Nha] (SoPhong, DiaChi, LuotXem, TinhTrang, NgayDang, NgayHetHan, KieuNha, NVQuanLy, ChuNha, LoaiNha) values (5,N'Ngô Văn Khuê, Quận 6',500,1,'2019-11-30','2020-12-30',0,'NV10093','LL10001',5)
insert into [dbo].[Nha] (SoPhong, DiaChi, LuotXem, TinhTrang, NgayDang, NgayHetHan, KieuNha, NVQuanLy, ChuNha, LoaiNha) values (4,N'Võ Thị Sáu, Quận Tân Bình',500,1,'2019-11-30','2020-12-30',0,'NV10059','LL10005',5)
insert into [dbo].[Nha] (SoPhong, DiaChi, LuotXem, TinhTrang, NgayDang, NgayHetHan, KieuNha, NVQuanLy, ChuNha, LoaiNha) values (5,N'Trần Đình Giót, Quận 9',500,1,'2019-11-30','2020-12-30',0,'NV10099','LL10032',6)
insert into [dbo].[Nha] (SoPhong, DiaChi, LuotXem, TinhTrang, NgayDang, NgayHetHan, KieuNha, NVQuanLy, ChuNha, LoaiNha) values (2,N'Trần Đình Giót, Quận Tân Phú',500,1,'2019-11-30','2020-12-30',0,'NV10024','LL10015',2)
insert into [dbo].[Nha] (SoPhong, DiaChi, LuotXem, TinhTrang, NgayDang, NgayHetHan, KieuNha, NVQuanLy, ChuNha, LoaiNha) values (4,N'Võ Nguyên Giáp, Quận 10',500,1,'2019-11-30','2020-12-30',0,'NV10058','LL10039',1)
insert into [dbo].[Nha] (SoPhong, DiaChi, LuotXem, TinhTrang, NgayDang, NgayHetHan, KieuNha, NVQuanLy, ChuNha, LoaiNha) values (3,N'Trần Trương, Quận Bình Tân',500,1,'2019-11-30','2020-12-30',0,'NV10028','LL10012',2)
insert into [dbo].[Nha] (SoPhong, DiaChi, LuotXem, TinhTrang, NgayDang, NgayHetHan, KieuNha, NVQuanLy, ChuNha, LoaiNha) values (4,N'Trần Đình Giót, Quận Gò Vấp',500,1,'2019-11-30','2020-12-30',0,'NV10058','LL10037',6)
insert into [dbo].[Nha] (SoPhong, DiaChi, LuotXem, TinhTrang, NgayDang, NgayHetHan, KieuNha, NVQuanLy, ChuNha, LoaiNha) values (1,N'Võ Nguyên Giáp, Quận 5',500,1,'2019-11-30','2020-12-30',0,'NV10009','LL10015',1)
insert into [dbo].[Nha] (SoPhong, DiaChi, LuotXem, TinhTrang, NgayDang, NgayHetHan, KieuNha, NVQuanLy, ChuNha, LoaiNha) values (4,N'Võ Thị Sáu, Quận Gò Vấp',500,1,'2019-11-30','2020-12-30',0,'NV10004','LL10024',3)
insert into [dbo].[Nha] (SoPhong, DiaChi, LuotXem, TinhTrang, NgayDang, NgayHetHan, KieuNha, NVQuanLy, ChuNha, LoaiNha) values (1,N'Đường số 7, Quận 4',500,1,'2019-11-30','2020-12-30',0,'NV10077','LL10044',3)
insert into [dbo].[Nha] (SoPhong, DiaChi, LuotXem, TinhTrang, NgayDang, NgayHetHan, KieuNha, NVQuanLy, ChuNha, LoaiNha) values (4,N'Cách Mạng Tháng 8, Quận 3',500,1,'2019-11-30','2020-12-30',0,'NV10064','LL10038',7)
insert into [dbo].[Nha] (SoPhong, DiaChi, LuotXem, TinhTrang, NgayDang, NgayHetHan, KieuNha, NVQuanLy, ChuNha, LoaiNha) values (1,N'Quang Trung, Quận Tân Phú',500,1,'2019-11-30','2020-12-30',0,'NV10045','LL10028',4)
insert into [dbo].[Nha] (SoPhong, DiaChi, LuotXem, TinhTrang, NgayDang, NgayHetHan, KieuNha, NVQuanLy, ChuNha, LoaiNha) values (2,N'Đường số 6, Quận 4',500,1,'2019-11-30','2020-12-30',0,'NV10092','LL10006',2)
insert into [dbo].[Nha] (SoPhong, DiaChi, LuotXem, TinhTrang, NgayDang, NgayHetHan, KieuNha, NVQuanLy, ChuNha, LoaiNha) values (5,N'Trần Đình Giót, Quận 9',500,1,'2019-11-30','2020-12-30',0,'NV10003','LL10014',7)
insert into [dbo].[Nha] (SoPhong, DiaChi, LuotXem, TinhTrang, NgayDang, NgayHetHan, KieuNha, NVQuanLy, ChuNha, LoaiNha) values (2,N'Cách Mạng Tháng 8, Quận 4',500,1,'2019-11-30','2020-12-30',0,'NV10025','LL10015',5)
insert into [dbo].[Nha] (SoPhong, DiaChi, LuotXem, TinhTrang, NgayDang, NgayHetHan, KieuNha, NVQuanLy, ChuNha, LoaiNha) values (2,N'Nguyễn Bá Loan, Quận 9',500,1,'2019-11-30','2020-12-30',0,'NV10044','LL10049',1)
insert into [dbo].[Nha] (SoPhong, DiaChi, LuotXem, TinhTrang, NgayDang, NgayHetHan, KieuNha, NVQuanLy, ChuNha, LoaiNha) values (1,N'Trần Quốc Tuấn, Quận Bình Thạnh',500,1,'2019-11-30','2020-12-30',0,'NV10022','LL10024',5)
insert into [dbo].[Nha] (SoPhong, DiaChi, LuotXem, TinhTrang, NgayDang, NgayHetHan, KieuNha, NVQuanLy, ChuNha, LoaiNha) values (1,N'Đường số 6, Quận Tân Phú',500,1,'2019-11-30','2020-12-30',0,'NV10005','LL10030',6)
insert into [dbo].[Nha] (SoPhong, DiaChi, LuotXem, TinhTrang, NgayDang, NgayHetHan, KieuNha, NVQuanLy, ChuNha, LoaiNha) values (2,N'Trần Quốc Tuấn, Quận 9',500,1,'2019-11-30','2020-12-30',0,'NV10083','LL10045',3)
insert into [dbo].[Nha] (SoPhong, DiaChi, LuotXem, TinhTrang, NgayDang, NgayHetHan, KieuNha, NVQuanLy, ChuNha, LoaiNha) values (4,N'Võ Nguyên Giáp, Quận Gò Vấp',500,1,'2019-11-30','2020-12-30',0,'NV10088','LL10045',4)
insert into [dbo].[Nha] (SoPhong, DiaChi, LuotXem, TinhTrang, NgayDang, NgayHetHan, KieuNha, NVQuanLy, ChuNha, LoaiNha) values (2,N'Trần Quốc Tuấn, Quận 4',500,1,'2019-11-30','2020-12-30',0,'NV10042','LL10031',4)
insert into [dbo].[Nha] (SoPhong, DiaChi, LuotXem, TinhTrang, NgayDang, NgayHetHan, KieuNha, NVQuanLy, ChuNha, LoaiNha) values (2,N'Trần Quốc Tuấn, Quận Tân Phú',500,1,'2019-11-30','2020-12-30',0,'NV10090','LL10024',7)
insert into [dbo].[Nha] (SoPhong, DiaChi, LuotXem, TinhTrang, NgayDang, NgayHetHan, KieuNha, NVQuanLy, ChuNha, LoaiNha) values (3,N'Trần Quốc Tuấn, Quận 9',500,1,'2019-11-30','2020-12-30',0,'NV10033','LL10034',2)
insert into [dbo].[Nha] (SoPhong, DiaChi, LuotXem, TinhTrang, NgayDang, NgayHetHan, KieuNha, NVQuanLy, ChuNha, LoaiNha) values (5,N'Trần Đình Giót, Quận 6',500,1,'2019-11-30','2020-12-30',0,'NV10067','LL10047',4)
insert into [dbo].[Nha] (SoPhong, DiaChi, LuotXem, TinhTrang, NgayDang, NgayHetHan, KieuNha, NVQuanLy, ChuNha, LoaiNha) values (2,N'Võ Nguyên Giáp, Quận 2',500,1,'2019-11-30','2020-12-30',0,'NV10087','LL10039',2)
insert into [dbo].[Nha] (SoPhong, DiaChi, LuotXem, TinhTrang, NgayDang, NgayHetHan, KieuNha, NVQuanLy, ChuNha, LoaiNha) values (2,N'Nguyễn Lữ, Quận Tân Phú',500,1,'2019-11-30','2020-12-30',0,'NV10023','LL10014',3)
insert into [dbo].[Nha] (SoPhong, DiaChi, LuotXem, TinhTrang, NgayDang, NgayHetHan, KieuNha, NVQuanLy, ChuNha, LoaiNha) values (4,N'Võ Thị Sáu, Quận Bình Tân',500,1,'2019-11-30','2020-12-30',0,'NV10068','LL10003',1)
insert into [dbo].[Nha] (SoPhong, DiaChi, LuotXem, TinhTrang, NgayDang, NgayHetHan, KieuNha, NVQuanLy, ChuNha, LoaiNha) values (4,N'Quang Trung, Quận 5',500,1,'2019-11-30','2020-12-30',0,'NV10063','LL10033',1)
insert into [dbo].[Nha] (SoPhong, DiaChi, LuotXem, TinhTrang, NgayDang, NgayHetHan, KieuNha, NVQuanLy, ChuNha, LoaiNha) values (5,N'Đường số 6, Quận 8',500,1,'2019-11-30','2020-12-30',0,'NV10039','LL10030',1)
insert into [dbo].[Nha] (SoPhong, DiaChi, LuotXem, TinhTrang, NgayDang, NgayHetHan, KieuNha, NVQuanLy, ChuNha, LoaiNha) values (4,N'Nguyễn Lữ, Quận Tân Bình',500,1,'2019-11-30','2020-12-30',0,'NV10002','LL10021',1)
insert into [dbo].[Nha] (SoPhong, DiaChi, LuotXem, TinhTrang, NgayDang, NgayHetHan, KieuNha, NVQuanLy, ChuNha, LoaiNha) values (1,N'Nguyễn Bá Loan, Quận Gò Vấp',500,1,'2019-11-30','2020-12-30',0,'NV10049','LL10030',6)
insert into [dbo].[Nha] (SoPhong, DiaChi, LuotXem, TinhTrang, NgayDang, NgayHetHan, KieuNha, NVQuanLy, ChuNha, LoaiNha) values (5,N'Võ Thị Sáu, Quận 5',500,1,'2019-11-30','2020-12-30',0,'NV10045','LL10030',1)
insert into [dbo].[Nha] (SoPhong, DiaChi, LuotXem, TinhTrang, NgayDang, NgayHetHan, KieuNha, NVQuanLy, ChuNha, LoaiNha) values (5,N'Cách Mạng Tháng 8, Quận 10',500,1,'2019-11-30','2020-12-30',0,'NV10069','LL10038',2)
insert into [dbo].[Nha] (SoPhong, DiaChi, LuotXem, TinhTrang, NgayDang, NgayHetHan, KieuNha, NVQuanLy, ChuNha, LoaiNha) values (4,N'Đường số 7, Quận 3',500,1,'2019-11-30','2020-12-30',0,'NV10080','LL10025',5)
insert into [dbo].[Nha] (SoPhong, DiaChi, LuotXem, TinhTrang, NgayDang, NgayHetHan, KieuNha, NVQuanLy, ChuNha, LoaiNha) values (4,N'Trần Trương, Quận Gò Vấp',500,1,'2019-11-30','2020-12-30',0,'NV10045','LL10037',4)
insert into [dbo].[Nha] (SoPhong, DiaChi, LuotXem, TinhTrang, NgayDang, NgayHetHan, KieuNha, NVQuanLy, ChuNha, LoaiNha) values (5,N'Quang Trung, Quận Tân Bình',500,1,'2019-11-30','2020-12-30',0,'NV10015','LL10033',2)
insert into [dbo].[Nha] (SoPhong, DiaChi, LuotXem, TinhTrang, NgayDang, NgayHetHan, KieuNha, NVQuanLy, ChuNha, LoaiNha) values (4,N'Nguyễn Huệ, Quận 2',500,1,'2019-11-30','2020-12-30',0,'NV10083','LL10033',2)
insert into [dbo].[Nha] (SoPhong, DiaChi, LuotXem, TinhTrang, NgayDang, NgayHetHan, KieuNha, NVQuanLy, ChuNha, LoaiNha) values (1,N'Quang Trung, Quận 9',500,1,'2019-11-30','2020-12-30',0,'NV10036','LL10006',1)





insert into [dbo].[NhaThue] (MaNha, TienThue) values (1,1059)
insert into [dbo].[NhaThue] (MaNha, TienThue) values (2,1081)
insert into [dbo].[NhaThue] (MaNha, TienThue) values (3,1075)
insert into [dbo].[NhaThue] (MaNha, TienThue) values (4,1023)
insert into [dbo].[NhaThue] (MaNha, TienThue) values (5,1046)
insert into [dbo].[NhaThue] (MaNha, TienThue) values (6,1001)
insert into [dbo].[NhaThue] (MaNha, TienThue) values (7,1096)
insert into [dbo].[NhaThue] (MaNha, TienThue) values (8,1057)
insert into [dbo].[NhaThue] (MaNha, TienThue) values (9,1011)
insert into [dbo].[NhaThue] (MaNha, TienThue) values (10,1030)
insert into [dbo].[NhaThue] (MaNha, TienThue) values (11,1064)
insert into [dbo].[NhaThue] (MaNha, TienThue) values (12,1058)
insert into [dbo].[NhaThue] (MaNha, TienThue) values (13,1008)
insert into [dbo].[NhaThue] (MaNha, TienThue) values (14,1086)
insert into [dbo].[NhaThue] (MaNha, TienThue) values (15,1082)
insert into [dbo].[NhaThue] (MaNha, TienThue) values (16,1015)
insert into [dbo].[NhaThue] (MaNha, TienThue) values (17,1046)
insert into [dbo].[NhaThue] (MaNha, TienThue) values (18,1018)
insert into [dbo].[NhaThue] (MaNha, TienThue) values (19,1037)
insert into [dbo].[NhaThue] (MaNha, TienThue) values (20,1099)
insert into [dbo].[NhaThue] (MaNha, TienThue) values (21,1047)
insert into [dbo].[NhaThue] (MaNha, TienThue) values (22,1006)
insert into [dbo].[NhaThue] (MaNha, TienThue) values (23,1052)
insert into [dbo].[NhaThue] (MaNha, TienThue) values (24,1031)
insert into [dbo].[NhaThue] (MaNha, TienThue) values (25,1090)
insert into [dbo].[NhaThue] (MaNha, TienThue) values (26,1083)
insert into [dbo].[NhaThue] (MaNha, TienThue) values (27,1066)
insert into [dbo].[NhaThue] (MaNha, TienThue) values (28,1067)
insert into [dbo].[NhaThue] (MaNha, TienThue) values (29,1063)
insert into [dbo].[NhaThue] (MaNha, TienThue) values (30,1095)
insert into [dbo].[NhaThue] (MaNha, TienThue) values (31,1075)
insert into [dbo].[NhaThue] (MaNha, TienThue) values (32,1086)
insert into [dbo].[NhaThue] (MaNha, TienThue) values (33,1088)
insert into [dbo].[NhaThue] (MaNha, TienThue) values (34,1049)
insert into [dbo].[NhaThue] (MaNha, TienThue) values (35,1002)
insert into [dbo].[NhaThue] (MaNha, TienThue) values (36,1010)
insert into [dbo].[NhaThue] (MaNha, TienThue) values (37,1072)
insert into [dbo].[NhaThue] (MaNha, TienThue) values (38,1022)
insert into [dbo].[NhaThue] (MaNha, TienThue) values (39,1061)
insert into [dbo].[NhaThue] (MaNha, TienThue) values (40,1041)
insert into [dbo].[NhaThue] (MaNha, TienThue) values (41,1061)
insert into [dbo].[NhaThue] (MaNha, TienThue) values (42,1013)
insert into [dbo].[NhaThue] (MaNha, TienThue) values (43,1028)
insert into [dbo].[NhaThue] (MaNha, TienThue) values (44,1041)
insert into [dbo].[NhaThue] (MaNha, TienThue) values (45,1038)
insert into [dbo].[NhaThue] (MaNha, TienThue) values (46,1008)
insert into [dbo].[NhaThue] (MaNha, TienThue) values (47,1023)
insert into [dbo].[NhaThue] (MaNha, TienThue) values (48,1097)
insert into [dbo].[NhaThue] (MaNha, TienThue) values (49,1041)
insert into [dbo].[NhaThue] (MaNha, TienThue) values (50,1049)


insert into [dbo].[NhaBan] (MaNha, GiaBan) values (51,1082)
insert into [dbo].[NhaBan] (MaNha, GiaBan) values (52,1023)
insert into [dbo].[NhaBan] (MaNha, GiaBan) values (53,1045)
insert into [dbo].[NhaBan] (MaNha, GiaBan) values (54,1055)
insert into [dbo].[NhaBan] (MaNha, GiaBan) values (55,1075)
insert into [dbo].[NhaBan] (MaNha, GiaBan) values (56,1099)
insert into [dbo].[NhaBan] (MaNha, GiaBan) values (57,1050)
insert into [dbo].[NhaBan] (MaNha, GiaBan) values (58,1078)
insert into [dbo].[NhaBan] (MaNha, GiaBan) values (59,1005)
insert into [dbo].[NhaBan] (MaNha, GiaBan) values (60,1067)
insert into [dbo].[NhaBan] (MaNha, GiaBan) values (61,1064)
insert into [dbo].[NhaBan] (MaNha, GiaBan) values (62,1016)
insert into [dbo].[NhaBan] (MaNha, GiaBan) values (63,1092)
insert into [dbo].[NhaBan] (MaNha, GiaBan) values (64,1054)
insert into [dbo].[NhaBan] (MaNha, GiaBan) values (65,1050)
insert into [dbo].[NhaBan] (MaNha, GiaBan) values (66,1009)
insert into [dbo].[NhaBan] (MaNha, GiaBan) values (67,1002)
insert into [dbo].[NhaBan] (MaNha, GiaBan) values (68,1086)
insert into [dbo].[NhaBan] (MaNha, GiaBan) values (69,1055)
insert into [dbo].[NhaBan] (MaNha, GiaBan) values (70,1049)
insert into [dbo].[NhaBan] (MaNha, GiaBan) values (71,1084)
insert into [dbo].[NhaBan] (MaNha, GiaBan) values (72,1096)
insert into [dbo].[NhaBan] (MaNha, GiaBan) values (73,1061)
insert into [dbo].[NhaBan] (MaNha, GiaBan) values (74,1028)
insert into [dbo].[NhaBan] (MaNha, GiaBan) values (75,1051)
insert into [dbo].[NhaBan] (MaNha, GiaBan) values (76,1028)
insert into [dbo].[NhaBan] (MaNha, GiaBan) values (77,1053)
insert into [dbo].[NhaBan] (MaNha, GiaBan) values (78,1099)
insert into [dbo].[NhaBan] (MaNha, GiaBan) values (79,1076)
insert into [dbo].[NhaBan] (MaNha, GiaBan) values (80,1022)
insert into [dbo].[NhaBan] (MaNha, GiaBan) values (81,1021)
insert into [dbo].[NhaBan] (MaNha, GiaBan) values (82,1066)
insert into [dbo].[NhaBan] (MaNha, GiaBan) values (83,1025)
insert into [dbo].[NhaBan] (MaNha, GiaBan) values (84,1058)
insert into [dbo].[NhaBan] (MaNha, GiaBan) values (85,1012)
insert into [dbo].[NhaBan] (MaNha, GiaBan) values (86,1080)
insert into [dbo].[NhaBan] (MaNha, GiaBan) values (87,1013)
insert into [dbo].[NhaBan] (MaNha, GiaBan) values (88,1093)
insert into [dbo].[NhaBan] (MaNha, GiaBan) values (89,1074)
insert into [dbo].[NhaBan] (MaNha, GiaBan) values (90,1094)
insert into [dbo].[NhaBan] (MaNha, GiaBan) values (91,1040)
insert into [dbo].[NhaBan] (MaNha, GiaBan) values (92,1026)
insert into [dbo].[NhaBan] (MaNha, GiaBan) values (93,1057)
insert into [dbo].[NhaBan] (MaNha, GiaBan) values (94,1005)
insert into [dbo].[NhaBan] (MaNha, GiaBan) values (95,1057)
insert into [dbo].[NhaBan] (MaNha, GiaBan) values (96,1002)
insert into [dbo].[NhaBan] (MaNha, GiaBan) values (97,1077)
insert into [dbo].[NhaBan] (MaNha, GiaBan) values (98,1035)
insert into [dbo].[NhaBan] (MaNha, GiaBan) values (99,1098)
insert into [dbo].[NhaBan] (MaNha, GiaBan) values (100,1059)









insert into [dbo].[YeuCauKH] (KhachHang, LoaiNha) values ('KH10000',4)
insert into [dbo].[YeuCauKH] (KhachHang, LoaiNha) values ('KH10001',2)
insert into [dbo].[YeuCauKH] (KhachHang, LoaiNha) values ('KH10002',4)
insert into [dbo].[YeuCauKH] (KhachHang, LoaiNha) values ('KH10003',8)
insert into [dbo].[YeuCauKH] (KhachHang, LoaiNha) values ('KH10004',3)
insert into [dbo].[YeuCauKH] (KhachHang, LoaiNha) values ('KH10005',8)
insert into [dbo].[YeuCauKH] (KhachHang, LoaiNha) values ('KH10006',4)
insert into [dbo].[YeuCauKH] (KhachHang, LoaiNha) values ('KH10007',6)
insert into [dbo].[YeuCauKH] (KhachHang, LoaiNha) values ('KH10008',6)
insert into [dbo].[YeuCauKH] (KhachHang, LoaiNha) values ('KH10009',3)
insert into [dbo].[YeuCauKH] (KhachHang, LoaiNha) values ('KH10010',1)
insert into [dbo].[YeuCauKH] (KhachHang, LoaiNha) values ('KH10011',2)
insert into [dbo].[YeuCauKH] (KhachHang, LoaiNha) values ('KH10012',8)
insert into [dbo].[YeuCauKH] (KhachHang, LoaiNha) values ('KH10013',4)
insert into [dbo].[YeuCauKH] (KhachHang, LoaiNha) values ('KH10014',2)
insert into [dbo].[YeuCauKH] (KhachHang, LoaiNha) values ('KH10015',7)
insert into [dbo].[YeuCauKH] (KhachHang, LoaiNha) values ('KH10016',3)
insert into [dbo].[YeuCauKH] (KhachHang, LoaiNha) values ('KH10017',1)
insert into [dbo].[YeuCauKH] (KhachHang, LoaiNha) values ('KH10018',8)
insert into [dbo].[YeuCauKH] (KhachHang, LoaiNha) values ('KH10019',3)
insert into [dbo].[YeuCauKH] (KhachHang, LoaiNha) values ('KH10020',2)
insert into [dbo].[YeuCauKH] (KhachHang, LoaiNha) values ('KH10021',4)
insert into [dbo].[YeuCauKH] (KhachHang, LoaiNha) values ('KH10022',2)
insert into [dbo].[YeuCauKH] (KhachHang, LoaiNha) values ('KH10023',2)
insert into [dbo].[YeuCauKH] (KhachHang, LoaiNha) values ('KH10024',6)
insert into [dbo].[YeuCauKH] (KhachHang, LoaiNha) values ('KH10025',8)
insert into [dbo].[YeuCauKH] (KhachHang, LoaiNha) values ('KH10026',2)
insert into [dbo].[YeuCauKH] (KhachHang, LoaiNha) values ('KH10027',4)
insert into [dbo].[YeuCauKH] (KhachHang, LoaiNha) values ('KH10028',2)
insert into [dbo].[YeuCauKH] (KhachHang, LoaiNha) values ('KH10029',7)
insert into [dbo].[YeuCauKH] (KhachHang, LoaiNha) values ('KH10030',6)
insert into [dbo].[YeuCauKH] (KhachHang, LoaiNha) values ('KH10031',3)
insert into [dbo].[YeuCauKH] (KhachHang, LoaiNha) values ('KH10032',6)
insert into [dbo].[YeuCauKH] (KhachHang, LoaiNha) values ('KH10033',7)
insert into [dbo].[YeuCauKH] (KhachHang, LoaiNha) values ('KH10034',8)
insert into [dbo].[YeuCauKH] (KhachHang, LoaiNha) values ('KH10035',6)
insert into [dbo].[YeuCauKH] (KhachHang, LoaiNha) values ('KH10036',8)
insert into [dbo].[YeuCauKH] (KhachHang, LoaiNha) values ('KH10037',8)
insert into [dbo].[YeuCauKH] (KhachHang, LoaiNha) values ('KH10038',7)
insert into [dbo].[YeuCauKH] (KhachHang, LoaiNha) values ('KH10039',8)
insert into [dbo].[YeuCauKH] (KhachHang, LoaiNha) values ('KH10040',6)
insert into [dbo].[YeuCauKH] (KhachHang, LoaiNha) values ('KH10041',8)
insert into [dbo].[YeuCauKH] (KhachHang, LoaiNha) values ('KH10042',4)
insert into [dbo].[YeuCauKH] (KhachHang, LoaiNha) values ('KH10043',1)
insert into [dbo].[YeuCauKH] (KhachHang, LoaiNha) values ('KH10044',5)
insert into [dbo].[YeuCauKH] (KhachHang, LoaiNha) values ('KH10045',7)
insert into [dbo].[YeuCauKH] (KhachHang, LoaiNha) values ('KH10046',5)
insert into [dbo].[YeuCauKH] (KhachHang, LoaiNha) values ('KH10047',4)
insert into [dbo].[YeuCauKH] (KhachHang, LoaiNha) values ('KH10048',6)
insert into [dbo].[YeuCauKH] (KhachHang, LoaiNha) values ('KH10049',3)





insert into [dbo].[XemNha] (KhachHang, Nha, NgayXem, NhanXet) values ('KH10000',92,'1990-10-9',N'Tốt')
insert into [dbo].[XemNha] (KhachHang, Nha, NgayXem, NhanXet) values ('KH10001',64,'1994-11-24',N'Tốt')
insert into [dbo].[XemNha] (KhachHang, Nha, NgayXem, NhanXet) values ('KH10002',95,'2001-9-9',N'Tốt')
insert into [dbo].[XemNha] (KhachHang, Nha, NgayXem, NhanXet) values ('KH10003',98,'1996-9-17',N'Tốt')
insert into [dbo].[XemNha] (KhachHang, Nha, NgayXem, NhanXet) values ('KH10004',44,'2003-6-26',N'Tốt')
insert into [dbo].[XemNha] (KhachHang, Nha, NgayXem, NhanXet) values ('KH10005',18,'1988-8-8',N'Tốt')
insert into [dbo].[XemNha] (KhachHang, Nha, NgayXem, NhanXet) values ('KH10006',73,'1995-7-5',N'Tốt')
insert into [dbo].[XemNha] (KhachHang, Nha, NgayXem, NhanXet) values ('KH10007',59,'1993-8-18',N'Tốt')
insert into [dbo].[XemNha] (KhachHang, Nha, NgayXem, NhanXet) values ('KH10008',26,'1993-1-29',N'Tốt')
insert into [dbo].[XemNha] (KhachHang, Nha, NgayXem, NhanXet) values ('KH10009',26,'1987-4-6',N'Tốt')
insert into [dbo].[XemNha] (KhachHang, Nha, NgayXem, NhanXet) values ('KH10010',78,'1986-7-3',N'Tốt')
insert into [dbo].[XemNha] (KhachHang, Nha, NgayXem, NhanXet) values ('KH10011',58,'1994-7-6',N'Tốt')
insert into [dbo].[XemNha] (KhachHang, Nha, NgayXem, NhanXet) values ('KH10012',63,'1992-2-10',N'Tốt')
insert into [dbo].[XemNha] (KhachHang, Nha, NgayXem, NhanXet) values ('KH10013',50,'1996-12-13',N'Tốt')
insert into [dbo].[XemNha] (KhachHang, Nha, NgayXem, NhanXet) values ('KH10014',24,'1999-7-23',N'Tốt')
insert into [dbo].[XemNha] (KhachHang, Nha, NgayXem, NhanXet) values ('KH10015',65,'1994-7-12',N'Tốt')
insert into [dbo].[XemNha] (KhachHang, Nha, NgayXem, NhanXet) values ('KH10016',59,'1986-12-29',N'Tốt')
insert into [dbo].[XemNha] (KhachHang, Nha, NgayXem, NhanXet) values ('KH10017',42,'2004-1-14',N'Tốt')
insert into [dbo].[XemNha] (KhachHang, Nha, NgayXem, NhanXet) values ('KH10018',78,'1985-4-1',N'Tốt')
insert into [dbo].[XemNha] (KhachHang, Nha, NgayXem, NhanXet) values ('KH10019',62,'1995-4-22',N'Tốt')
insert into [dbo].[XemNha] (KhachHang, Nha, NgayXem, NhanXet) values ('KH10020',1,'1999-1-24',N'Tốt')
insert into [dbo].[XemNha] (KhachHang, Nha, NgayXem, NhanXet) values ('KH10021',30,'1990-4-11',N'Tốt')
insert into [dbo].[XemNha] (KhachHang, Nha, NgayXem, NhanXet) values ('KH10022',96,'1994-3-28',N'Tốt')
insert into [dbo].[XemNha] (KhachHang, Nha, NgayXem, NhanXet) values ('KH10023',68,'2003-12-3',N'Tốt')
insert into [dbo].[XemNha] (KhachHang, Nha, NgayXem, NhanXet) values ('KH10024',34,'1985-6-11',N'Tốt')
insert into [dbo].[XemNha] (KhachHang, Nha, NgayXem, NhanXet) values ('KH10025',35,'1999-4-13',N'Tốt')
insert into [dbo].[XemNha] (KhachHang, Nha, NgayXem, NhanXet) values ('KH10026',87,'2002-7-18',N'Tốt')
insert into [dbo].[XemNha] (KhachHang, Nha, NgayXem, NhanXet) values ('KH10027',25,'1992-3-17',N'Tốt')
insert into [dbo].[XemNha] (KhachHang, Nha, NgayXem, NhanXet) values ('KH10028',79,'1992-4-2',N'Tốt')
insert into [dbo].[XemNha] (KhachHang, Nha, NgayXem, NhanXet) values ('KH10029',66,'1999-8-3',N'Tốt')
insert into [dbo].[XemNha] (KhachHang, Nha, NgayXem, NhanXet) values ('KH10030',15,'1999-9-21',N'Tốt')
insert into [dbo].[XemNha] (KhachHang, Nha, NgayXem, NhanXet) values ('KH10031',51,'1996-2-13',N'Tốt')
insert into [dbo].[XemNha] (KhachHang, Nha, NgayXem, NhanXet) values ('KH10032',34,'1987-10-23',N'Tốt')
insert into [dbo].[XemNha] (KhachHang, Nha, NgayXem, NhanXet) values ('KH10033',84,'1988-7-7',N'Tốt')
insert into [dbo].[XemNha] (KhachHang, Nha, NgayXem, NhanXet) values ('KH10034',47,'1986-7-22',N'Tốt')
insert into [dbo].[XemNha] (KhachHang, Nha, NgayXem, NhanXet) values ('KH10035',38,'1986-12-26',N'Tốt')
insert into [dbo].[XemNha] (KhachHang, Nha, NgayXem, NhanXet) values ('KH10036',98,'1993-1-5',N'Tốt')
insert into [dbo].[XemNha] (KhachHang, Nha, NgayXem, NhanXet) values ('KH10037',59,'1994-6-15',N'Tốt')
insert into [dbo].[XemNha] (KhachHang, Nha, NgayXem, NhanXet) values ('KH10038',12,'2004-2-8',N'Tốt')
insert into [dbo].[XemNha] (KhachHang, Nha, NgayXem, NhanXet) values ('KH10039',3,'1999-12-19',N'Tốt')
insert into [dbo].[XemNha] (KhachHang, Nha, NgayXem, NhanXet) values ('KH10040',76,'1985-11-26',N'Tốt')
insert into [dbo].[XemNha] (KhachHang, Nha, NgayXem, NhanXet) values ('KH10041',28,'2002-6-18',N'Tốt')
insert into [dbo].[XemNha] (KhachHang, Nha, NgayXem, NhanXet) values ('KH10042',46,'1998-8-3',N'Tốt')
insert into [dbo].[XemNha] (KhachHang, Nha, NgayXem, NhanXet) values ('KH10043',84,'2002-4-19',N'Tốt')
insert into [dbo].[XemNha] (KhachHang, Nha, NgayXem, NhanXet) values ('KH10044',74,'1987-12-13',N'Tốt')
insert into [dbo].[XemNha] (KhachHang, Nha, NgayXem, NhanXet) values ('KH10045',3,'1994-10-29',N'Tốt')
insert into [dbo].[XemNha] (KhachHang, Nha, NgayXem, NhanXet) values ('KH10046',42,'1986-10-25',N'Tốt')
insert into [dbo].[XemNha] (KhachHang, Nha, NgayXem, NhanXet) values ('KH10047',42,'2004-12-16',N'Tốt')
insert into [dbo].[XemNha] (KhachHang, Nha, NgayXem, NhanXet) values ('KH10048',31,'1996-4-6',N'Tốt')
insert into [dbo].[XemNha] (KhachHang, Nha, NgayXem, NhanXet) values ('KH10049',94,'2000-5-5',N'Tốt')





insert into [dbo].[QuaTrinhThue] (KhachHang, NhaThue, NgayBatDau) values ('KH10000',84,'2001-2-25')
insert into [dbo].[QuaTrinhThue] (KhachHang, NhaThue, NgayBatDau) values ('KH10001',82,'1991-1-9')
insert into [dbo].[QuaTrinhThue] (KhachHang, NhaThue, NgayBatDau) values ('KH10002',85,'1986-7-23')
insert into [dbo].[QuaTrinhThue] (KhachHang, NhaThue, NgayBatDau) values ('KH10003',72,'1988-7-7')
insert into [dbo].[QuaTrinhThue] (KhachHang, NhaThue, NgayBatDau) values ('KH10004',48,'1991-2-15')
insert into [dbo].[QuaTrinhThue] (KhachHang, NhaThue, NgayBatDau) values ('KH10005',2,'2000-11-24')
insert into [dbo].[QuaTrinhThue] (KhachHang, NhaThue, NgayBatDau) values ('KH10006',9,'1986-10-9')
insert into [dbo].[QuaTrinhThue] (KhachHang, NhaThue, NgayBatDau) values ('KH10007',2,'1997-1-27')
insert into [dbo].[QuaTrinhThue] (KhachHang, NhaThue, NgayBatDau) values ('KH10008',58,'1992-1-4')
insert into [dbo].[QuaTrinhThue] (KhachHang, NhaThue, NgayBatDau) values ('KH10009',58,'2001-4-5')
insert into [dbo].[QuaTrinhThue] (KhachHang, NhaThue, NgayBatDau) values ('KH10010',52,'1987-12-6')
insert into [dbo].[QuaTrinhThue] (KhachHang, NhaThue, NgayBatDau) values ('KH10011',16,'1989-2-7')
insert into [dbo].[QuaTrinhThue] (KhachHang, NhaThue, NgayBatDau) values ('KH10012',37,'2004-5-12')
insert into [dbo].[QuaTrinhThue] (KhachHang, NhaThue, NgayBatDau) values ('KH10013',86,'1997-9-10')
insert into [dbo].[QuaTrinhThue] (KhachHang, NhaThue, NgayBatDau) values ('KH10014',6,'1988-6-2')
insert into [dbo].[QuaTrinhThue] (KhachHang, NhaThue, NgayBatDau) values ('KH10015',90,'1987-6-26')
insert into [dbo].[QuaTrinhThue] (KhachHang, NhaThue, NgayBatDau) values ('KH10016',71,'1997-2-26')
insert into [dbo].[QuaTrinhThue] (KhachHang, NhaThue, NgayBatDau) values ('KH10017',27,'1992-2-18')
insert into [dbo].[QuaTrinhThue] (KhachHang, NhaThue, NgayBatDau) values ('KH10018',75,'2003-1-18')
insert into [dbo].[QuaTrinhThue] (KhachHang, NhaThue, NgayBatDau) values ('KH10019',81,'2004-1-7')
insert into [dbo].[QuaTrinhThue] (KhachHang, NhaThue, NgayBatDau) values ('KH10020',5,'1998-12-11')
insert into [dbo].[QuaTrinhThue] (KhachHang, NhaThue, NgayBatDau) values ('KH10021',58,'2000-7-4')
insert into [dbo].[QuaTrinhThue] (KhachHang, NhaThue, NgayBatDau) values ('KH10022',22,'1986-10-9')
insert into [dbo].[QuaTrinhThue] (KhachHang, NhaThue, NgayBatDau) values ('KH10023',13,'2001-12-6')
insert into [dbo].[QuaTrinhThue] (KhachHang, NhaThue, NgayBatDau) values ('KH10024',65,'1985-12-2')
insert into [dbo].[QuaTrinhThue] (KhachHang, NhaThue, NgayBatDau) values ('KH10025',55,'1987-8-23')
insert into [dbo].[QuaTrinhThue] (KhachHang, NhaThue, NgayBatDau) values ('KH10026',51,'1997-11-6')
insert into [dbo].[QuaTrinhThue] (KhachHang, NhaThue, NgayBatDau) values ('KH10027',68,'1996-6-19')
insert into [dbo].[QuaTrinhThue] (KhachHang, NhaThue, NgayBatDau) values ('KH10028',11,'1999-4-7')
insert into [dbo].[QuaTrinhThue] (KhachHang, NhaThue, NgayBatDau) values ('KH10029',51,'1994-9-1')
insert into [dbo].[QuaTrinhThue] (KhachHang, NhaThue, NgayBatDau) values ('KH10030',42,'1990-7-8')
insert into [dbo].[QuaTrinhThue] (KhachHang, NhaThue, NgayBatDau) values ('KH10031',69,'1987-9-19')
insert into [dbo].[QuaTrinhThue] (KhachHang, NhaThue, NgayBatDau) values ('KH10032',15,'2002-7-14')
insert into [dbo].[QuaTrinhThue] (KhachHang, NhaThue, NgayBatDau) values ('KH10033',94,'2004-2-2')
insert into [dbo].[QuaTrinhThue] (KhachHang, NhaThue, NgayBatDau) values ('KH10034',62,'1991-9-14')
insert into [dbo].[QuaTrinhThue] (KhachHang, NhaThue, NgayBatDau) values ('KH10035',13,'1995-7-10')
insert into [dbo].[QuaTrinhThue] (KhachHang, NhaThue, NgayBatDau) values ('KH10036',73,'1990-5-17')
insert into [dbo].[QuaTrinhThue] (KhachHang, NhaThue, NgayBatDau) values ('KH10037',58,'1993-4-20')
insert into [dbo].[QuaTrinhThue] (KhachHang, NhaThue, NgayBatDau) values ('KH10038',91,'2003-10-22')
insert into [dbo].[QuaTrinhThue] (KhachHang, NhaThue, NgayBatDau) values ('KH10039',29,'1991-9-21')
insert into [dbo].[QuaTrinhThue] (KhachHang, NhaThue, NgayBatDau) values ('KH10040',44,'1997-12-27')
insert into [dbo].[QuaTrinhThue] (KhachHang, NhaThue, NgayBatDau) values ('KH10041',29,'1999-10-15')
insert into [dbo].[QuaTrinhThue] (KhachHang, NhaThue, NgayBatDau) values ('KH10042',24,'1998-11-15')
insert into [dbo].[QuaTrinhThue] (KhachHang, NhaThue, NgayBatDau) values ('KH10043',62,'1994-11-28')
insert into [dbo].[QuaTrinhThue] (KhachHang, NhaThue, NgayBatDau) values ('KH10044',80,'1985-8-14')
insert into [dbo].[QuaTrinhThue] (KhachHang, NhaThue, NgayBatDau) values ('KH10045',43,'1988-2-7')
insert into [dbo].[QuaTrinhThue] (KhachHang, NhaThue, NgayBatDau) values ('KH10046',54,'1985-7-6')
insert into [dbo].[QuaTrinhThue] (KhachHang, NhaThue, NgayBatDau) values ('KH10047',51,'1993-6-23')
insert into [dbo].[QuaTrinhThue] (KhachHang, NhaThue, NgayBatDau) values ('KH10048',32,'1998-5-11')
insert into [dbo].[QuaTrinhThue] (KhachHang, NhaThue, NgayBatDau) values ('KH10049',26,'1998-1-5')







insert into [dbo].[AccountKhachHang] (IDKhachHang,Password) values ('KH10001','123456789')


insert into [dbo].[AccountChuNha] (IDChuNha,Password) values ('LL10001','123456789')


insert into [dbo].[AccountAdmin] (IDAdmin,Password) values ('admin','admin')









select * from Nha


