Use QuanLyCongTy2020
GO

insert into [dbo].[ChiNhanh] (MaChiNhanh, SDT, Fax, Duong, Quan, KhuVuc, TinhTrang) values ('CN10000','0986175432','(84-4) 7797 3214',N'Đường số 7',N'Quận 1',N'Phường 7',1)
insert into [dbo].[ChiNhanh] (MaChiNhanh, SDT, Fax, Duong, Quan, KhuVuc, TinhTrang) values ('CN10001','0951482673','(84-4) 7384 6605',N'Đường số 7',N'Quận Tân Phú',N'Phường 9',1)
insert into [dbo].[ChiNhanh] (MaChiNhanh, SDT, Fax, Duong, Quan, KhuVuc, TinhTrang) values ('CN10002','0928735461','(84-4) 6229 4484',N'Nguyễn Bá Loan',N'Quận 3',N'Phường 4',1)
insert into [dbo].[ChiNhanh] (MaChiNhanh, SDT, Fax, Duong, Quan, KhuVuc, TinhTrang) values ('CN10003','0957286431','(84-4) 1295 0633',N'Võ Nguyên Giáp',N'Quận 5',N'Phường 5',1)
insert into [dbo].[ChiNhanh] (MaChiNhanh, SDT, Fax, Duong, Quan, KhuVuc, TinhTrang) values ('CN10004','0956481372','(84-4) 3684 0524',N'Đường số 7',N'Quận Bình Tân',N'Phường 9',1)
insert into [dbo].[ChiNhanh] (MaChiNhanh, SDT, Fax, Duong, Quan, KhuVuc, TinhTrang) values ('CN10005','0984652173','(84-4) 1810 7241',N'Nguyễn Huệ',N'Quận 3',N'Phường 4',1)
insert into [dbo].[ChiNhanh] (MaChiNhanh, SDT, Fax, Duong, Quan, KhuVuc, TinhTrang) values ('CN10006','0983426571','(84-4) 6116 3016',N'Đường số 7',N'Quận 2',N'Phường 3',1)
insert into [dbo].[ChiNhanh] (MaChiNhanh, SDT, Fax, Duong, Quan, KhuVuc, TinhTrang) values ('CN10007','0954263871','(84-4) 8727 7366',N'Võ Nguyên Giáp',N'Quận 6',N'Phường 9',1)
insert into [dbo].[ChiNhanh] (MaChiNhanh, SDT, Fax, Duong, Quan, KhuVuc, TinhTrang) values ('CN10008','0916287543','(84-4) 4576 0750',N'Đường số 6',N'Quận 8',N'Phường 6',1)
insert into [dbo].[ChiNhanh] (MaChiNhanh, SDT, Fax, Duong, Quan, KhuVuc, TinhTrang) values ('CN10009','0928317465','(84-4) 3586 3648',N'Trần Đình Giót',N'Quận Bình Thạnh',N'Phường 2',1)
insert into [dbo].[ChiNhanh] (MaChiNhanh, SDT, Fax, Duong, Quan, KhuVuc, TinhTrang) values ('CN10010','0981372564','(84-4) 1634 8263',N'Nguyễn Huệ',N'Quận Tân Bình',N'Phường 8',1)
insert into [dbo].[ChiNhanh] (MaChiNhanh, SDT, Fax, Duong, Quan, KhuVuc, TinhTrang) values ('CN10011','0931654872','(84-4) 6092 4263',N'Võ Thị Sáu',N'Quận Bình Tân',N'Phường 2',1)
insert into [dbo].[ChiNhanh] (MaChiNhanh, SDT, Fax, Duong, Quan, KhuVuc, TinhTrang) values ('CN10012','0961453872','(84-4) 6632 8848',N'Nguyễn Bá Loan',N'Quận 1',N'Phường 5',1)
insert into [dbo].[ChiNhanh] (MaChiNhanh, SDT, Fax, Duong, Quan, KhuVuc, TinhTrang) values ('CN10013','0954263871','(84-4) 7088 6605',N'Võ Nguyên Giáp',N'Quận 6',N'Phường 7',1)
insert into [dbo].[ChiNhanh] (MaChiNhanh, SDT, Fax, Duong, Quan, KhuVuc, TinhTrang) values ('CN10014','0932871564','(84-4) 4148 8880',N'Nguyễn Huệ',N'Quận Gò Vấp',N'Phường 8',1)
insert into [dbo].[ChiNhanh] (MaChiNhanh, SDT, Fax, Duong, Quan, KhuVuc, TinhTrang) values ('CN10015','0917536482','(84-4) 9700 2813',N'Quang Trung',N'Quận 5',N'Phường 9',1)
insert into [dbo].[ChiNhanh] (MaChiNhanh, SDT, Fax, Duong, Quan, KhuVuc, TinhTrang) values ('CN10016','0914763285','(84-4) 9733 1206',N'Cách Mạng Tháng 8',N'Quận 5',N'Phường 1',1)
insert into [dbo].[ChiNhanh] (MaChiNhanh, SDT, Fax, Duong, Quan, KhuVuc, TinhTrang) values ('CN10017','0951482673','(84-4) 8978 7327',N'Cách Mạng Tháng 8',N'Quận 6',N'Phường 7',1)
insert into [dbo].[ChiNhanh] (MaChiNhanh, SDT, Fax, Duong, Quan, KhuVuc, TinhTrang) values ('CN10018','0984652173','(84-4) 5331 4554',N'Võ Nguyên Giáp',N'Quận Tân Phú',N'Phường 2',1)
insert into [dbo].[ChiNhanh] (MaChiNhanh, SDT, Fax, Duong, Quan, KhuVuc, TinhTrang) values ('CN10019','0914763285','(84-4) 1559 6366',N'Võ Thị Sáu',N'Quận 9',N'Phường 5',1)insert into [dbo].[NhanVien] (MaNhanVien, Ten, DiaChi, GioiTinh, NgaySinh, TinhTrang, Luong, SDT, ChiNhanh) values ('NV10000',N'Phạm Ngô Trịnh Bạc',N'Trần Trương, Quận 6','M','1995-7-7',1,18.450000,'0958624371','CN10004')













insert into [dbo].[NhanVien] (MaNhanVien, Ten, DiaChi, GioiTinh, NgaySinh, TinhTrang, Luong, SDT, ChiNhanh) values ('NV10001',N'Phạm Huỳnh Quang Bạc',N'Quang Trung, Quận 1','M','2004-11-3',1,10.750000,'0953627481','CN10006')
insert into [dbo].[NhanVien] (MaNhanVien, Ten, DiaChi, GioiTinh, NgaySinh, TinhTrang, Luong, SDT, ChiNhanh) values ('NV10002',N'Vương Huỳnh Chí Vũ',N'Đường số 7, Quận 4','M','1999-5-22',1,43.650000,'0946718253','CN10008')
insert into [dbo].[NhanVien] (MaNhanVien, Ten, DiaChi, GioiTinh, NgaySinh, TinhTrang, Luong, SDT, ChiNhanh) values ('NV10003',N'Đồng Mỹ Chí Quang',N'Ngô Văn Khuê, Quận Tân Bình','M','1986-6-1',1,13.550000,'0926781453','CN10007')
insert into [dbo].[NhanVien] (MaNhanVien, Ten, DiaChi, GioiTinh, NgaySinh, TinhTrang, Luong, SDT, ChiNhanh) values ('NV10004',N'Huỳnh Phạm Thanh Quốc',N'Đường số 7, Quận 5','M','1999-11-11',1,40.950000,'0947326581','CN10009')
insert into [dbo].[NhanVien] (MaNhanVien, Ten, DiaChi, GioiTinh, NgaySinh, TinhTrang, Luong, SDT, ChiNhanh) values ('NV10005',N'Huỳnh Bùi Quang Trung',N'Trần Trương, Quận Tân Bình','M','1990-10-13',1,14.650000,'0978452163','CN10015')
insert into [dbo].[NhanVien] (MaNhanVien, Ten, DiaChi, GioiTinh, NgaySinh, TinhTrang, Luong, SDT, ChiNhanh) values ('NV10006',N'Lê Vũ Quang Vương',N'Nguyễn Bá Loan, Quận 9','M','1997-2-2',1,20.700000,'0935418276','CN10000')
insert into [dbo].[NhanVien] (MaNhanVien, Ten, DiaChi, GioiTinh, NgaySinh, TinhTrang, Luong, SDT, ChiNhanh) values ('NV10007',N'Đồng Trọng Chí Quang',N'Quang Trung, Quận Tân Bình','M','1986-1-1',1,34.550000,'0954263871','CN10010')
insert into [dbo].[NhanVien] (MaNhanVien, Ten, DiaChi, GioiTinh, NgaySinh, TinhTrang, Luong, SDT, ChiNhanh) values ('NV10008',N'Phạm Trần Tâm Việt',N'Trần Đình Giót, Quận Bình Tân','M','2004-3-7',1,38.300000,'0967253184','CN10005')
insert into [dbo].[NhanVien] (MaNhanVien, Ten, DiaChi, GioiTinh, NgaySinh, TinhTrang, Luong, SDT, ChiNhanh) values ('NV10009',N'Hoàng Huỳnh Trịnh Vũ',N'Đường số 7, Quận Tân Bình','M','2002-5-7',1,15.300000,'0915482673','CN10011')
insert into [dbo].[NhanVien] (MaNhanVien, Ten, DiaChi, GioiTinh, NgaySinh, TinhTrang, Luong, SDT, ChiNhanh) values ('NV10010',N'Mỹ Đồng Bá Việt',N'Nguyễn Bá Loan, Quận Tân Bình','M','2002-5-3',1,14.800000,'0985371462','CN10002')
insert into [dbo].[NhanVien] (MaNhanVien, Ten, DiaChi, GioiTinh, NgaySinh, TinhTrang, Luong, SDT, ChiNhanh) values ('NV10011',N'Hoàng Phạm Lê Quốc',N'Đường số 7, Quận Tân Phú','M','1995-8-28',1,24.550000,'0926781453','CN10014')
insert into [dbo].[NhanVien] (MaNhanVien, Ten, DiaChi, GioiTinh, NgaySinh, TinhTrang, Luong, SDT, ChiNhanh) values ('NV10012',N'Phạm Trần Tâm Việt',N'Ngô Văn Khuê, Quận 3','M','1998-7-6',1,10.550000,'0916827354','CN10005')
insert into [dbo].[NhanVien] (MaNhanVien, Ten, DiaChi, GioiTinh, NgaySinh, TinhTrang, Luong, SDT, ChiNhanh) values ('NV10013',N'Lê Phạm Trịnh Trung',N'Trần Trương, Quận Tân Phú','M','1994-5-14',1,24.950000,'0942357681','CN10017')
insert into [dbo].[NhanVien] (MaNhanVien, Ten, DiaChi, GioiTinh, NgaySinh, TinhTrang, Luong, SDT, ChiNhanh) values ('NV10014',N'Trịnh Hoàng Văn Mỹ',N'Ngô Văn Khuê, Quận Tân Phú','M','1992-7-18',1,47.900000,'0953627481','CN10015')
insert into [dbo].[NhanVien] (MaNhanVien, Ten, DiaChi, GioiTinh, NgaySinh, TinhTrang, Luong, SDT, ChiNhanh) values ('NV10015',N'Đồng Mỹ Chí Quang',N'Trần Trương, Quận Bình Thạnh','M','2004-9-7',1,20.850000,'0942853761','CN10003')
insert into [dbo].[NhanVien] (MaNhanVien, Ten, DiaChi, GioiTinh, NgaySinh, TinhTrang, Luong, SDT, ChiNhanh) values ('NV10016',N'Trọng Lê Minh Bạc',N'Trần Quốc Tuấn, Quận Bình Thạnh','M','1987-12-5',1,19.000000,'0942853761','CN10011')
insert into [dbo].[NhanVien] (MaNhanVien, Ten, DiaChi, GioiTinh, NgaySinh, TinhTrang, Luong, SDT, ChiNhanh) values ('NV10017',N'Ngô Đồng Chí Ái',N'Võ Nguyên Giáp, Quận Bình Tân','M','1985-5-27',1,33.550000,'0941628375','CN10012')
insert into [dbo].[NhanVien] (MaNhanVien, Ten, DiaChi, GioiTinh, NgaySinh, TinhTrang, Luong, SDT, ChiNhanh) values ('NV10018',N'Đồng Nguyễn Tâm Tâm',N'Đường số 6, Quận 2','M','1995-6-19',1,22.050000,'0917536482','CN10013')
insert into [dbo].[NhanVien] (MaNhanVien, Ten, DiaChi, GioiTinh, NgaySinh, TinhTrang, Luong, SDT, ChiNhanh) values ('NV10019',N'Hoàng Mỹ Chí Hiếu',N'Ngô Văn Khuê, Quận 3','M','1985-9-27',1,10.650000,'0914265873','CN10006')
insert into [dbo].[NhanVien] (MaNhanVien, Ten, DiaChi, GioiTinh, NgaySinh, TinhTrang, Luong, SDT, ChiNhanh) values ('NV10020',N'Phạm Ngô Trịnh Bạc',N'Trần Trương, Quận 3','M','1998-6-7',1,31.800000,'0957286431','CN10008')
insert into [dbo].[NhanVien] (MaNhanVien, Ten, DiaChi, GioiTinh, NgaySinh, TinhTrang, Luong, SDT, ChiNhanh) values ('NV10021',N'Huỳnh Phạm Thanh Quốc',N'Võ Nguyên Giáp, Quận 1','M','1991-3-10',1,15.200000,'0952817364','CN10009')
insert into [dbo].[NhanVien] (MaNhanVien, Ten, DiaChi, GioiTinh, NgaySinh, TinhTrang, Luong, SDT, ChiNhanh) values ('NV10022',N'Nguyễn Lê Quang Bạc',N'Ngô Văn Khuê, Quận Tân Bình','M','1985-6-18',1,24.150000,'0954263871','CN10013')
insert into [dbo].[NhanVien] (MaNhanVien, Ten, DiaChi, GioiTinh, NgaySinh, TinhTrang, Luong, SDT, ChiNhanh) values ('NV10023',N'Bùi Phan Trần Tâm',N'Đường số 6, Quận Bình Tân','M','1989-2-16',1,33.750000,'0945876321','CN10018')
insert into [dbo].[NhanVien] (MaNhanVien, Ten, DiaChi, GioiTinh, NgaySinh, TinhTrang, Luong, SDT, ChiNhanh) values ('NV10024',N'Huỳnh Phạm Thanh Quốc',N'Võ Nguyên Giáp, Quận 4','M','2002-1-17',1,19.750000,'0958127364','CN10010')
insert into [dbo].[NhanVien] (MaNhanVien, Ten, DiaChi, GioiTinh, NgaySinh, TinhTrang, Luong, SDT, ChiNhanh) values ('NV10025',N'Mỹ Đồng Trịnh Tâm',N'Đường số 6, Quận Bình Tân','M','1995-8-14',1,18.650000,'0918354762','CN10015')
insert into [dbo].[NhanVien] (MaNhanVien, Ten, DiaChi, GioiTinh, NgaySinh, TinhTrang, Luong, SDT, ChiNhanh) values ('NV10026',N'Phan Trọng Thanh Mỹ',N'Trần Đình Giót, Quận Tân Phú','M','1999-12-25',1,18.850000,'0935418276','CN10006')
insert into [dbo].[NhanVien] (MaNhanVien, Ten, DiaChi, GioiTinh, NgaySinh, TinhTrang, Luong, SDT, ChiNhanh) values ('NV10027',N'Nguyễn Hùng Tâm Minh',N'Nguyễn Bá Loan, Quận 1','M','1989-1-17',1,20.350000,'0936147582','CN10016')
insert into [dbo].[NhanVien] (MaNhanVien, Ten, DiaChi, GioiTinh, NgaySinh, TinhTrang, Luong, SDT, ChiNhanh) values ('NV10028',N'Trọng Đồng Lê Hiếu',N'Ngô Văn Khuê, Quận Tân Bình','M','2000-1-5',1,13.900000,'0967253184','CN10004')
insert into [dbo].[NhanVien] (MaNhanVien, Ten, DiaChi, GioiTinh, NgaySinh, TinhTrang, Luong, SDT, ChiNhanh) values ('NV10029',N'Trịnh Lê Chí Mỹ',N'Trần Đình Giót, Quận 2','M','1999-9-29',1,14.250000,'0932871564','CN10000')
insert into [dbo].[NhanVien] (MaNhanVien, Ten, DiaChi, GioiTinh, NgaySinh, TinhTrang, Luong, SDT, ChiNhanh) values ('NV10030',N'Vương Vương Chí Hùng',N'Cách Mạng Tháng 8, Quận 4','M','1991-5-27',1,22.150000,'0923487651','CN10002')
insert into [dbo].[NhanVien] (MaNhanVien, Ten, DiaChi, GioiTinh, NgaySinh, TinhTrang, Luong, SDT, ChiNhanh) values ('NV10031',N'Nguyễn Nguyễn Trần Trung',N'Nguyễn Huệ, Quận Tân Phú','M','1986-6-11',1,37.050000,'0937462185','CN10014')
insert into [dbo].[NhanVien] (MaNhanVien, Ten, DiaChi, GioiTinh, NgaySinh, TinhTrang, Luong, SDT, ChiNhanh) values ('NV10032',N'Huỳnh Trịnh Thanh Ái',N'Nguyễn Huệ, Quận 8','M','1993-5-19',1,18.650000,'0953627481','CN10012')
insert into [dbo].[NhanVien] (MaNhanVien, Ten, DiaChi, GioiTinh, NgaySinh, TinhTrang, Luong, SDT, ChiNhanh) values ('NV10033',N'Phan Nguyễn Thanh Chí',N'Quang Trung, Quận 5','M','2003-11-21',1,27.600000,'0963487521','CN10010')
insert into [dbo].[NhanVien] (MaNhanVien, Ten, DiaChi, GioiTinh, NgaySinh, TinhTrang, Luong, SDT, ChiNhanh) values ('NV10034',N'Huỳnh Mỹ Quang Tâm',N'Quang Trung, Quận Gò Vấp','M','1999-4-10',1,21.200000,'0967851342','CN10010')
insert into [dbo].[NhanVien] (MaNhanVien, Ten, DiaChi, GioiTinh, NgaySinh, TinhTrang, Luong, SDT, ChiNhanh) values ('NV10035',N'Nguyễn Lê Quang Bạc',N'Nguyễn Huệ, Quận 5','M','2004-3-20',1,19.850000,'0987425361','CN10011')
insert into [dbo].[NhanVien] (MaNhanVien, Ten, DiaChi, GioiTinh, NgaySinh, TinhTrang, Luong, SDT, ChiNhanh) values ('NV10036',N'Bùi Lê Trần Trung',N'Cách Mạng Tháng 8, Quận Gò Vấp','M','1989-9-25',1,20.700000,'0938172564','CN10015')
insert into [dbo].[NhanVien] (MaNhanVien, Ten, DiaChi, GioiTinh, NgaySinh, TinhTrang, Luong, SDT, ChiNhanh) values ('NV10037',N'Ngô Mỹ Minh Tâm',N'Ngô Văn Khuê, Quận 6','M','1988-6-22',1,34.900000,'0952817364','CN10015')
insert into [dbo].[NhanVien] (MaNhanVien, Ten, DiaChi, GioiTinh, NgaySinh, TinhTrang, Luong, SDT, ChiNhanh) values ('NV10038',N'Lê Trịnh Trịnh Mỹ',N'Trần Đình Giót, Quận Bình Thạnh','M','2002-9-13',1,45.900000,'0984153762','CN10001')
insert into [dbo].[NhanVien] (MaNhanVien, Ten, DiaChi, GioiTinh, NgaySinh, TinhTrang, Luong, SDT, ChiNhanh) values ('NV10039',N'Trọng Vương Tâm Quốc',N'Đường số 6, Quận 2','M','2000-2-28',1,15.900000,'0946718253','CN10010')
insert into [dbo].[NhanVien] (MaNhanVien, Ten, DiaChi, GioiTinh, NgaySinh, TinhTrang, Luong, SDT, ChiNhanh) values ('NV10040',N'Vũ Phạm Quang Xuân',N'Trần Đình Giót, Quận 3','M','1989-3-21',1,47.650000,'0978452163','CN10012')
insert into [dbo].[NhanVien] (MaNhanVien, Ten, DiaChi, GioiTinh, NgaySinh, TinhTrang, Luong, SDT, ChiNhanh) values ('NV10041',N'Đồng Dương Tâm Vinh',N'Trần Quốc Tuấn, Quận 6','M','1986-6-17',1,10.800000,'0942357681','CN10002')
insert into [dbo].[NhanVien] (MaNhanVien, Ten, DiaChi, GioiTinh, NgaySinh, TinhTrang, Luong, SDT, ChiNhanh) values ('NV10042',N'Đồng Đồng Minh Việt',N'Nguyễn Lữ, Quận 8','M','1998-5-18',1,16.050000,'0967851342','CN10017')
insert into [dbo].[NhanVien] (MaNhanVien, Ten, DiaChi, GioiTinh, NgaySinh, TinhTrang, Luong, SDT, ChiNhanh) values ('NV10043',N'Mỹ Vũ Quang Xuân',N'Ngô Văn Khuê, Quận 2','M','2003-8-17',1,32.050000,'0912738465','CN10003')
insert into [dbo].[NhanVien] (MaNhanVien, Ten, DiaChi, GioiTinh, NgaySinh, TinhTrang, Luong, SDT, ChiNhanh) values ('NV10044',N'Phạm Hùng Bá Vương',N'Cách Mạng Tháng 8, Quận 1','M','1986-11-27',1,15.850000,'0981765432','CN10011')
insert into [dbo].[NhanVien] (MaNhanVien, Ten, DiaChi, GioiTinh, NgaySinh, TinhTrang, Luong, SDT, ChiNhanh) values ('NV10045',N'Phạm Mỹ Trần Chí',N'Nguyễn Bá Loan, Quận Tân Phú','M','1987-2-5',1,46.400000,'0986715243','CN10010')
insert into [dbo].[NhanVien] (MaNhanVien, Ten, DiaChi, GioiTinh, NgaySinh, TinhTrang, Luong, SDT, ChiNhanh) values ('NV10046',N'Trịnh Bùi Bá Trường',N'Trần Đình Giót, Quận 1','M','1986-10-16',1,13.350000,'0926781453','CN10004')
insert into [dbo].[NhanVien] (MaNhanVien, Ten, DiaChi, GioiTinh, NgaySinh, TinhTrang, Luong, SDT, ChiNhanh) values ('NV10047',N'Bùi Phan Trần Tâm',N'Nguyễn Lữ, Quận 8','M','2004-6-22',1,24.000000,'0937462185','CN10007')
insert into [dbo].[NhanVien] (MaNhanVien, Ten, DiaChi, GioiTinh, NgaySinh, TinhTrang, Luong, SDT, ChiNhanh) values ('NV10048',N'Trịnh Trịnh Tâm Vinh',N'Trần Đình Giót, Quận 8','M','1994-3-11',1,30.500000,'0962781453','CN10018')
insert into [dbo].[NhanVien] (MaNhanVien, Ten, DiaChi, GioiTinh, NgaySinh, TinhTrang, Luong, SDT, ChiNhanh) values ('NV10049',N'Lê Phạm Trịnh Trung',N'Võ Nguyên Giáp, Quận 1','M','2002-1-2',1,16.900000,'0957286431','CN10004')
insert into [dbo].[NhanVien] (MaNhanVien, Ten, DiaChi, GioiTinh, NgaySinh, TinhTrang, Luong, SDT, ChiNhanh) values ('NV10050',N'Trọng Trọng Thị Trinh',N'Trần Đình Giót, Quận 9','F','1988-8-29',1,13.000000,'0918354762','CN10013')
insert into [dbo].[NhanVien] (MaNhanVien, Ten, DiaChi, GioiTinh, NgaySinh, TinhTrang, Luong, SDT, ChiNhanh) values ('NV10051',N'Dương Bùi Tâm Trinh',N'Nguyễn Huệ, Quận Gò Vấp','F','2003-1-28',1,20.750000,'0954862173','CN10016')
insert into [dbo].[NhanVien] (MaNhanVien, Ten, DiaChi, GioiTinh, NgaySinh, TinhTrang, Luong, SDT, ChiNhanh) values ('NV10052',N'Bùi Nguyễn Tâm Thảo',N'Đường số 7, Quận 9','F','1993-5-2',1,23.950000,'0972146583','CN10007')
insert into [dbo].[NhanVien] (MaNhanVien, Ten, DiaChi, GioiTinh, NgaySinh, TinhTrang, Luong, SDT, ChiNhanh) values ('NV10053',N'Lê Hùng Minh Xuân',N'Võ Thị Sáu, Quận Tân Phú','F','1992-10-10',1,40.200000,'0958624371','CN10005')
insert into [dbo].[NhanVien] (MaNhanVien, Ten, DiaChi, GioiTinh, NgaySinh, TinhTrang, Luong, SDT, ChiNhanh) values ('NV10054',N'Trần Dương Minh Chí',N'Nguyễn Huệ, Quận 6','F','1994-4-14',1,20.150000,'0967253184','CN10007')
insert into [dbo].[NhanVien] (MaNhanVien, Ten, DiaChi, GioiTinh, NgaySinh, TinhTrang, Luong, SDT, ChiNhanh) values ('NV10055',N'Vương Phan Thanh Châu',N'Nguyễn Lữ, Quận 3','F','1999-12-21',1,47.350000,'0931654872','CN10013')
insert into [dbo].[NhanVien] (MaNhanVien, Ten, DiaChi, GioiTinh, NgaySinh, TinhTrang, Luong, SDT, ChiNhanh) values ('NV10056',N'Trịnh Trọng Thị Diệu',N'Trần Trương, Quận 9','F','1996-6-13',1,48.700000,'0964825371','CN10005')
insert into [dbo].[NhanVien] (MaNhanVien, Ten, DiaChi, GioiTinh, NgaySinh, TinhTrang, Luong, SDT, ChiNhanh) values ('NV10057',N'Bùi Huỳnh Thanh Thi',N'Đường số 7, Quận 9','F','1994-6-10',1,13.500000,'0948652173','CN10017')
insert into [dbo].[NhanVien] (MaNhanVien, Ten, DiaChi, GioiTinh, NgaySinh, TinhTrang, Luong, SDT, ChiNhanh) values ('NV10058',N'Phạm Ngô Thanh Thi',N'Võ Thị Sáu, Quận 3','F','1993-9-26',1,20.200000,'0967851342','CN10014')
insert into [dbo].[NhanVien] (MaNhanVien, Ten, DiaChi, GioiTinh, NgaySinh, TinhTrang, Luong, SDT, ChiNhanh) values ('NV10059',N'Hùng Đồng Trần Diệu',N'Đường số 7, Quận 10','F','2001-5-23',1,42.850000,'0967851342','CN10015')
insert into [dbo].[NhanVien] (MaNhanVien, Ten, DiaChi, GioiTinh, NgaySinh, TinhTrang, Luong, SDT, ChiNhanh) values ('NV10060',N'Phan Phan Thi Ái',N'Ngô Văn Khuê, Quận 1','F','1999-11-22',1,24.650000,'0914265873','CN10009')
insert into [dbo].[NhanVien] (MaNhanVien, Ten, DiaChi, GioiTinh, NgaySinh, TinhTrang, Luong, SDT, ChiNhanh) values ('NV10061',N'Huỳnh Phạm Trần My',N'Trần Đình Giót, Quận 1','F','2000-1-21',1,27.750000,'0976832541','CN10011')
insert into [dbo].[NhanVien] (MaNhanVien, Ten, DiaChi, GioiTinh, NgaySinh, TinhTrang, Luong, SDT, ChiNhanh) values ('NV10062',N'Dương Hoàng Thi Lệ',N'Võ Thị Sáu, Quận Gò Vấp','F','1998-8-27',1,34.950000,'0946718253','CN10014')
insert into [dbo].[NhanVien] (MaNhanVien, Ten, DiaChi, GioiTinh, NgaySinh, TinhTrang, Luong, SDT, ChiNhanh) values ('NV10063',N'Trần Trần Thanh Châu',N'Quang Trung, Quận 1','F','1994-6-27',1,20.500000,'0916287543','CN10009')
insert into [dbo].[NhanVien] (MaNhanVien, Ten, DiaChi, GioiTinh, NgaySinh, TinhTrang, Luong, SDT, ChiNhanh) values ('NV10064',N'Lê Vương Trịnh Chí',N'Trần Đình Giót, Quận Tân Bình','F','1993-2-27',1,40.750000,'0938172564','CN10003')
insert into [dbo].[NhanVien] (MaNhanVien, Ten, DiaChi, GioiTinh, NgaySinh, TinhTrang, Luong, SDT, ChiNhanh) values ('NV10065',N'Bùi Huỳnh Thanh Thi',N'Nguyễn Lữ, Quận 4','F','2004-6-2',1,20.000000,'0967253184','CN10015')
insert into [dbo].[NhanVien] (MaNhanVien, Ten, DiaChi, GioiTinh, NgaySinh, TinhTrang, Luong, SDT, ChiNhanh) values ('NV10066',N'Trịnh Trọng Thị Diệu',N'Võ Nguyên Giáp, Quận 4','F','2000-4-18',1,34.100000,'0918753264','CN10006')
insert into [dbo].[NhanVien] (MaNhanVien, Ten, DiaChi, GioiTinh, NgaySinh, TinhTrang, Luong, SDT, ChiNhanh) values ('NV10067',N'Ngô Mỹ Thị Thảo',N'Nguyễn Lữ, Quận Bình Thạnh','F','1992-8-11',1,13.850000,'0957286431','CN10006')
insert into [dbo].[NhanVien] (MaNhanVien, Ten, DiaChi, GioiTinh, NgaySinh, TinhTrang, Luong, SDT, ChiNhanh) values ('NV10068',N'Mỹ Đồng Lê Bảo',N'Trần Quốc Tuấn, Quận Bình Tân','F','1996-7-22',1,13.750000,'0975418263','CN10000')
insert into [dbo].[NhanVien] (MaNhanVien, Ten, DiaChi, GioiTinh, NgaySinh, TinhTrang, Luong, SDT, ChiNhanh) values ('NV10069',N'Huỳnh Lê Tâm Xuân',N'Võ Nguyên Giáp, Quận 3','F','1986-10-1',1,14.400000,'0985371462','CN10009')
insert into [dbo].[NhanVien] (MaNhanVien, Ten, DiaChi, GioiTinh, NgaySinh, TinhTrang, Luong, SDT, ChiNhanh) values ('NV10070',N'Ngô Trịnh Lê Hồng',N'Trần Quốc Tuấn, Quận 2','F','1997-1-5',1,23.100000,'0976832541','CN10009')
insert into [dbo].[NhanVien] (MaNhanVien, Ten, DiaChi, GioiTinh, NgaySinh, TinhTrang, Luong, SDT, ChiNhanh) values ('NV10071',N'Trần Trịnh Lê Lệ',N'Đường số 6, Quận Tân Phú','F','1996-5-11',1,15.400000,'0983426571','CN10000')
insert into [dbo].[NhanVien] (MaNhanVien, Ten, DiaChi, GioiTinh, NgaySinh, TinhTrang, Luong, SDT, ChiNhanh) values ('NV10072',N'Lê Ngô Thi My',N'Đường số 6, Quận Tân Bình','F','1989-11-28',1,35.050000,'0918354762','CN10014')
insert into [dbo].[NhanVien] (MaNhanVien, Ten, DiaChi, GioiTinh, NgaySinh, TinhTrang, Luong, SDT, ChiNhanh) values ('NV10073',N'Trần Trịnh Trịnh Diễm',N'Trần Trương, Quận 9','F','1986-8-6',1,22.800000,'0971428365','CN10018')
insert into [dbo].[NhanVien] (MaNhanVien, Ten, DiaChi, GioiTinh, NgaySinh, TinhTrang, Luong, SDT, ChiNhanh) values ('NV10074',N'Dương Trần Thanh Chí',N'Nguyễn Huệ, Quận Gò Vấp','F','1993-4-14',1,18.400000,'0945281673','CN10006')
insert into [dbo].[NhanVien] (MaNhanVien, Ten, DiaChi, GioiTinh, NgaySinh, TinhTrang, Luong, SDT, ChiNhanh) values ('NV10075',N'Ngô Đồng Lê Chí',N'Quang Trung, Quận 10','F','1990-9-5',1,17.700000,'0923487651','CN10000')
insert into [dbo].[NhanVien] (MaNhanVien, Ten, DiaChi, GioiTinh, NgaySinh, TinhTrang, Luong, SDT, ChiNhanh) values ('NV10076',N'Lê Trọng Lê Văn',N'Đường số 6, Quận 5','F','1989-1-26',1,35.350000,'0967851342','CN10011')
insert into [dbo].[NhanVien] (MaNhanVien, Ten, DiaChi, GioiTinh, NgaySinh, TinhTrang, Luong, SDT, ChiNhanh) values ('NV10077',N'Lê Vương Thi Thi',N'Cách Mạng Tháng 8, Quận 3','F','1990-8-28',1,11.150000,'0931654872','CN10003')
insert into [dbo].[NhanVien] (MaNhanVien, Ten, DiaChi, GioiTinh, NgaySinh, TinhTrang, Luong, SDT, ChiNhanh) values ('NV10078',N'Lê Hùng Thị Thi',N'Nguyễn Bá Loan, Quận 10','F','1992-12-11',1,34.450000,'0926781453','CN10008')
insert into [dbo].[NhanVien] (MaNhanVien, Ten, DiaChi, GioiTinh, NgaySinh, TinhTrang, Luong, SDT, ChiNhanh) values ('NV10079',N'Trần Nguyễn Thị Diễm',N'Cách Mạng Tháng 8, Quận 8','F','2003-6-2',1,38.650000,'0972643851','CN10000')
insert into [dbo].[NhanVien] (MaNhanVien, Ten, DiaChi, GioiTinh, NgaySinh, TinhTrang, Luong, SDT, ChiNhanh) values ('NV10080',N'Huỳnh Phạm Trần My',N'Nguyễn Huệ, Quận 3','F','1997-11-12',1,22.900000,'0976235481','CN10002')
insert into [dbo].[NhanVien] (MaNhanVien, Ten, DiaChi, GioiTinh, NgaySinh, TinhTrang, Luong, SDT, ChiNhanh) values ('NV10081',N'Mỹ Trịnh Chí Ái',N'Đường số 7, Quận Bình Tân','F','2002-9-3',1,16.100000,'0925463871','CN10016')
insert into [dbo].[NhanVien] (MaNhanVien, Ten, DiaChi, GioiTinh, NgaySinh, TinhTrang, Luong, SDT, ChiNhanh) values ('NV10082',N'Ngô Lê Thị Thảo',N'Nguyễn Lữ, Quận Gò Vấp','F','2000-3-18',1,44.700000,'0964218375','CN10015')
insert into [dbo].[NhanVien] (MaNhanVien, Ten, DiaChi, GioiTinh, NgaySinh, TinhTrang, Luong, SDT, ChiNhanh) values ('NV10083',N'Vương Trần Chí Thảo',N'Nguyễn Huệ, Quận Bình Thạnh','F','2003-1-5',1,18.750000,'0924138576','CN10010')
insert into [dbo].[NhanVien] (MaNhanVien, Ten, DiaChi, GioiTinh, NgaySinh, TinhTrang, Luong, SDT, ChiNhanh) values ('NV10084',N'Đồng Vương Lê My',N'Trần Trương, Quận Bình Thạnh','F','2003-11-7',1,27.250000,'0972146583','CN10001')
insert into [dbo].[NhanVien] (MaNhanVien, Ten, DiaChi, GioiTinh, NgaySinh, TinhTrang, Luong, SDT, ChiNhanh) values ('NV10085',N'Trọng Hoàng Minh Lệ',N'Nguyễn Bá Loan, Quận Tân Bình','F','1997-1-4',1,29.900000,'0983426571','CN10000')
insert into [dbo].[NhanVien] (MaNhanVien, Ten, DiaChi, GioiTinh, NgaySinh, TinhTrang, Luong, SDT, ChiNhanh) values ('NV10086',N'Nguyễn Vũ Trần Mỹ',N'Võ Nguyên Giáp, Quận Tân Bình','F','2001-12-18',1,31.850000,'0928735461','CN10005')
insert into [dbo].[NhanVien] (MaNhanVien, Ten, DiaChi, GioiTinh, NgaySinh, TinhTrang, Luong, SDT, ChiNhanh) values ('NV10087',N'Mỹ Trần Trịnh Thi',N'Quang Trung, Quận Gò Vấp','F','2003-12-15',1,19.700000,'0934687521','CN10016')
insert into [dbo].[NhanVien] (MaNhanVien, Ten, DiaChi, GioiTinh, NgaySinh, TinhTrang, Luong, SDT, ChiNhanh) values ('NV10088',N'Đồng Phạm Thi Lệ',N'Đường số 6, Quận 8','F','1989-3-21',1,11.050000,'0936147582','CN10000')
insert into [dbo].[NhanVien] (MaNhanVien, Ten, DiaChi, GioiTinh, NgaySinh, TinhTrang, Luong, SDT, ChiNhanh) values ('NV10089',N'Trần Nguyễn Thị Diễm',N'Nguyễn Bá Loan, Quận Tân Phú','F','2002-10-7',1,21.900000,'0954862173','CN10018')
insert into [dbo].[NhanVien] (MaNhanVien, Ten, DiaChi, GioiTinh, NgaySinh, TinhTrang, Luong, SDT, ChiNhanh) values ('NV10090',N'Trần Trịnh Trịnh Diễm',N'Nguyễn Bá Loan, Quận Tân Bình','F','1995-4-12',1,23.200000,'0967851342','CN10004')
insert into [dbo].[NhanVien] (MaNhanVien, Ten, DiaChi, GioiTinh, NgaySinh, TinhTrang, Luong, SDT, ChiNhanh) values ('NV10091',N'Vương Phan Thanh Châu',N'Võ Thị Sáu, Quận Bình Tân','F','1985-5-7',1,47.850000,'0967253184','CN10014')
insert into [dbo].[NhanVien] (MaNhanVien, Ten, DiaChi, GioiTinh, NgaySinh, TinhTrang, Luong, SDT, ChiNhanh) values ('NV10092',N'Hoàng Bùi Lê Diệu',N'Trần Quốc Tuấn, Quận 3','F','1997-10-8',1,24.250000,'0958127364','CN10017')
insert into [dbo].[NhanVien] (MaNhanVien, Ten, DiaChi, GioiTinh, NgaySinh, TinhTrang, Luong, SDT, ChiNhanh) values ('NV10093',N'Bùi Trọng Lê Lệ',N'Nguyễn Bá Loan, Quận 9','F','1987-8-12',1,12.300000,'0971428365','CN10013')
insert into [dbo].[NhanVien] (MaNhanVien, Ten, DiaChi, GioiTinh, NgaySinh, TinhTrang, Luong, SDT, ChiNhanh) values ('NV10094',N'Dương Trần Minh Châu',N'Đường số 6, Quận 9','F','1993-11-4',1,23.650000,'0972146583','CN10010')
insert into [dbo].[NhanVien] (MaNhanVien, Ten, DiaChi, GioiTinh, NgaySinh, TinhTrang, Luong, SDT, ChiNhanh) values ('NV10095',N'Hùng Đồng Trần Diệu',N'Trần Đình Giót, Quận 2','F','1999-7-7',1,18.400000,'0923487651','CN10001')
insert into [dbo].[NhanVien] (MaNhanVien, Ten, DiaChi, GioiTinh, NgaySinh, TinhTrang, Luong, SDT, ChiNhanh) values ('NV10096',N'Dương Hoàng Thi Lệ',N'Võ Nguyên Giáp, Quận 4','F','1986-8-13',1,34.750000,'0967851342','CN10012')
insert into [dbo].[NhanVien] (MaNhanVien, Ten, DiaChi, GioiTinh, NgaySinh, TinhTrang, Luong, SDT, ChiNhanh) values ('NV10097',N'Vương Vương Trịnh Bảo',N'Võ Thị Sáu, Quận Bình Thạnh','F','1992-12-24',1,26.800000,'0938172564','CN10002')
insert into [dbo].[NhanVien] (MaNhanVien, Ten, DiaChi, GioiTinh, NgaySinh, TinhTrang, Luong, SDT, ChiNhanh) values ('NV10098',N'Trần Nguyễn Thị Diễm',N'Đường số 7, Quận 4','F','1991-8-25',1,14.300000,'0934687521','CN10003')
insert into [dbo].[NhanVien] (MaNhanVien, Ten, DiaChi, GioiTinh, NgaySinh, TinhTrang, Luong, SDT, ChiNhanh) values ('NV10099',N'Phan Nguyễn Tâm Chí',N'Trần Đình Giót, Quận 3','F','2001-4-26',1,38.750000,'0936147582','CN10006')

insert into [dbo].[LichSuTraLuong] (MaNhanVien, NgayThayDoi, Luong) values ('NV10001','1999-10-19',10.750000)
insert into [dbo].[LichSuTraLuong] (MaNhanVien, NgayThayDoi, Luong) values ('NV10002','2014-1-20',43.650000)
insert into [dbo].[LichSuTraLuong] (MaNhanVien, NgayThayDoi, Luong) values ('NV10003','2007-4-5',13.550000)
insert into [dbo].[LichSuTraLuong] (MaNhanVien, NgayThayDoi, Luong) values ('NV10004','1999-6-22',40.950000)
insert into [dbo].[LichSuTraLuong] (MaNhanVien, NgayThayDoi, Luong) values ('NV10005','2015-3-16',14.650000)
insert into [dbo].[LichSuTraLuong] (MaNhanVien, NgayThayDoi, Luong) values ('NV10006','2006-12-14',20.700000)
insert into [dbo].[LichSuTraLuong] (MaNhanVien, NgayThayDoi, Luong) values ('NV10007','2012-8-29',34.550000)
insert into [dbo].[LichSuTraLuong] (MaNhanVien, NgayThayDoi, Luong) values ('NV10008','2008-10-27',38.300000)
insert into [dbo].[LichSuTraLuong] (MaNhanVien, NgayThayDoi, Luong) values ('NV10009','2001-1-25',15.300000)
insert into [dbo].[LichSuTraLuong] (MaNhanVien, NgayThayDoi, Luong) values ('NV10010','2008-12-2',14.800000)
insert into [dbo].[LichSuTraLuong] (MaNhanVien, NgayThayDoi, Luong) values ('NV10011','2002-11-3',24.550000)
insert into [dbo].[LichSuTraLuong] (MaNhanVien, NgayThayDoi, Luong) values ('NV10012','2016-10-1',10.550000)
insert into [dbo].[LichSuTraLuong] (MaNhanVien, NgayThayDoi, Luong) values ('NV10013','2014-6-12',24.950000)
insert into [dbo].[LichSuTraLuong] (MaNhanVien, NgayThayDoi, Luong) values ('NV10014','2011-8-2',47.900000)
insert into [dbo].[LichSuTraLuong] (MaNhanVien, NgayThayDoi, Luong) values ('NV10015','2001-4-13',20.850000)
insert into [dbo].[LichSuTraLuong] (MaNhanVien, NgayThayDoi, Luong) values ('NV10016','2001-6-20',19.000000)
insert into [dbo].[LichSuTraLuong] (MaNhanVien, NgayThayDoi, Luong) values ('NV10017','2001-8-23',33.550000)
insert into [dbo].[LichSuTraLuong] (MaNhanVien, NgayThayDoi, Luong) values ('NV10018','2008-1-9',22.050000)
insert into [dbo].[LichSuTraLuong] (MaNhanVien, NgayThayDoi, Luong) values ('NV10019','2007-4-16',10.650000)
insert into [dbo].[LichSuTraLuong] (MaNhanVien, NgayThayDoi, Luong) values ('NV10020','2014-1-22',31.800000)
insert into [dbo].[LichSuTraLuong] (MaNhanVien, NgayThayDoi, Luong) values ('NV10021','2013-5-9',15.200000)
insert into [dbo].[LichSuTraLuong] (MaNhanVien, NgayThayDoi, Luong) values ('NV10022','2011-7-3',24.150000)
insert into [dbo].[LichSuTraLuong] (MaNhanVien, NgayThayDoi, Luong) values ('NV10023','2003-10-11',33.750000)
insert into [dbo].[LichSuTraLuong] (MaNhanVien, NgayThayDoi, Luong) values ('NV10024','2005-2-12',19.750000)
insert into [dbo].[LichSuTraLuong] (MaNhanVien, NgayThayDoi, Luong) values ('NV10025','2003-4-10',18.650000)
insert into [dbo].[LichSuTraLuong] (MaNhanVien, NgayThayDoi, Luong) values ('NV10026','2006-1-6',18.850000)
insert into [dbo].[LichSuTraLuong] (MaNhanVien, NgayThayDoi, Luong) values ('NV10027','2001-3-11',20.350000)
insert into [dbo].[LichSuTraLuong] (MaNhanVien, NgayThayDoi, Luong) values ('NV10028','2002-7-25',13.900000)
insert into [dbo].[LichSuTraLuong] (MaNhanVien, NgayThayDoi, Luong) values ('NV10029','2009-5-6',14.250000)
insert into [dbo].[LichSuTraLuong] (MaNhanVien, NgayThayDoi, Luong) values ('NV10030','2013-2-16',22.150000)
insert into [dbo].[LichSuTraLuong] (MaNhanVien, NgayThayDoi, Luong) values ('NV10031','2011-8-28',37.050000)
insert into [dbo].[LichSuTraLuong] (MaNhanVien, NgayThayDoi, Luong) values ('NV10032','2002-5-18',18.650000)
insert into [dbo].[LichSuTraLuong] (MaNhanVien, NgayThayDoi, Luong) values ('NV10033','2016-12-3',27.600000)
insert into [dbo].[LichSuTraLuong] (MaNhanVien, NgayThayDoi, Luong) values ('NV10034','2016-1-25',21.200000)
insert into [dbo].[LichSuTraLuong] (MaNhanVien, NgayThayDoi, Luong) values ('NV10035','2010-7-21',19.850000)
insert into [dbo].[LichSuTraLuong] (MaNhanVien, NgayThayDoi, Luong) values ('NV10036','2012-10-16',20.700000)
insert into [dbo].[LichSuTraLuong] (MaNhanVien, NgayThayDoi, Luong) values ('NV10037','2012-11-10',34.900000)
insert into [dbo].[LichSuTraLuong] (MaNhanVien, NgayThayDoi, Luong) values ('NV10038','2001-10-26',45.900000)
insert into [dbo].[LichSuTraLuong] (MaNhanVien, NgayThayDoi, Luong) values ('NV10039','2002-10-21',15.900000)
insert into [dbo].[LichSuTraLuong] (MaNhanVien, NgayThayDoi, Luong) values ('NV10040','2000-9-1',47.650000)
insert into [dbo].[LichSuTraLuong] (MaNhanVien, NgayThayDoi, Luong) values ('NV10041','2006-8-14',10.800000)
insert into [dbo].[LichSuTraLuong] (MaNhanVien, NgayThayDoi, Luong) values ('NV10042','2007-2-9',16.050000)
insert into [dbo].[LichSuTraLuong] (MaNhanVien, NgayThayDoi, Luong) values ('NV10043','2014-7-3',32.050000)
insert into [dbo].[LichSuTraLuong] (MaNhanVien, NgayThayDoi, Luong) values ('NV10044','2003-10-7',15.850000)
insert into [dbo].[LichSuTraLuong] (MaNhanVien, NgayThayDoi, Luong) values ('NV10045','2001-12-10',46.400000)
insert into [dbo].[LichSuTraLuong] (MaNhanVien, NgayThayDoi, Luong) values ('NV10046','2011-3-16',13.350000)
insert into [dbo].[LichSuTraLuong] (MaNhanVien, NgayThayDoi, Luong) values ('NV10047','2017-5-21',24.000000)
insert into [dbo].[LichSuTraLuong] (MaNhanVien, NgayThayDoi, Luong) values ('NV10048','2016-11-24',30.500000)
insert into [dbo].[LichSuTraLuong] (MaNhanVien, NgayThayDoi, Luong) values ('NV10049','2006-7-29',16.900000)
insert into [dbo].[LichSuTraLuong] (MaNhanVien, NgayThayDoi, Luong) values ('NV10050','1999-2-13',13.000000)
insert into [dbo].[LichSuTraLuong] (MaNhanVien, NgayThayDoi, Luong) values ('NV10051','2000-1-15',20.750000)
insert into [dbo].[LichSuTraLuong] (MaNhanVien, NgayThayDoi, Luong) values ('NV10052','2010-8-25',23.950000)
insert into [dbo].[LichSuTraLuong] (MaNhanVien, NgayThayDoi, Luong) values ('NV10053','2010-5-21',40.200000)
insert into [dbo].[LichSuTraLuong] (MaNhanVien, NgayThayDoi, Luong) values ('NV10054','2010-3-4',20.150000)
insert into [dbo].[LichSuTraLuong] (MaNhanVien, NgayThayDoi, Luong) values ('NV10055','2002-6-20',47.350000)
insert into [dbo].[LichSuTraLuong] (MaNhanVien, NgayThayDoi, Luong) values ('NV10056','2012-12-25',48.700000)
insert into [dbo].[LichSuTraLuong] (MaNhanVien, NgayThayDoi, Luong) values ('NV10057','2008-10-16',13.500000)
insert into [dbo].[LichSuTraLuong] (MaNhanVien, NgayThayDoi, Luong) values ('NV10058','2014-8-14',20.200000)
insert into [dbo].[LichSuTraLuong] (MaNhanVien, NgayThayDoi, Luong) values ('NV10059','2011-10-5',42.850000)
insert into [dbo].[LichSuTraLuong] (MaNhanVien, NgayThayDoi, Luong) values ('NV10060','2011-6-7',24.650000)
insert into [dbo].[LichSuTraLuong] (MaNhanVien, NgayThayDoi, Luong) values ('NV10061','2000-7-25',27.750000)
insert into [dbo].[LichSuTraLuong] (MaNhanVien, NgayThayDoi, Luong) values ('NV10062','2014-10-16',34.950000)
insert into [dbo].[LichSuTraLuong] (MaNhanVien, NgayThayDoi, Luong) values ('NV10063','2017-6-16',20.500000)
insert into [dbo].[LichSuTraLuong] (MaNhanVien, NgayThayDoi, Luong) values ('NV10064','2008-1-27',40.750000)
insert into [dbo].[LichSuTraLuong] (MaNhanVien, NgayThayDoi, Luong) values ('NV10065','2017-3-16',20.000000)
insert into [dbo].[LichSuTraLuong] (MaNhanVien, NgayThayDoi, Luong) values ('NV10066','2016-11-6',34.100000)
insert into [dbo].[LichSuTraLuong] (MaNhanVien, NgayThayDoi, Luong) values ('NV10067','2001-6-6',13.850000)
insert into [dbo].[LichSuTraLuong] (MaNhanVien, NgayThayDoi, Luong) values ('NV10068','1999-12-7',13.750000)
insert into [dbo].[LichSuTraLuong] (MaNhanVien, NgayThayDoi, Luong) values ('NV10069','2004-11-8',14.400000)
insert into [dbo].[LichSuTraLuong] (MaNhanVien, NgayThayDoi, Luong) values ('NV10070','2016-10-9',23.100000)
insert into [dbo].[LichSuTraLuong] (MaNhanVien, NgayThayDoi, Luong) values ('NV10071','2007-7-13',15.400000)
insert into [dbo].[LichSuTraLuong] (MaNhanVien, NgayThayDoi, Luong) values ('NV10072','2005-10-2',35.050000)
insert into [dbo].[LichSuTraLuong] (MaNhanVien, NgayThayDoi, Luong) values ('NV10073','2007-7-9',22.800000)
insert into [dbo].[LichSuTraLuong] (MaNhanVien, NgayThayDoi, Luong) values ('NV10074','2011-7-26',18.400000)
insert into [dbo].[LichSuTraLuong] (MaNhanVien, NgayThayDoi, Luong) values ('NV10075','2018-11-7',17.700000)
insert into [dbo].[LichSuTraLuong] (MaNhanVien, NgayThayDoi, Luong) values ('NV10076','2015-3-4',35.350000)
insert into [dbo].[LichSuTraLuong] (MaNhanVien, NgayThayDoi, Luong) values ('NV10077','1999-2-2',11.150000)
insert into [dbo].[LichSuTraLuong] (MaNhanVien, NgayThayDoi, Luong) values ('NV10078','2005-4-25',34.450000)
insert into [dbo].[LichSuTraLuong] (MaNhanVien, NgayThayDoi, Luong) values ('NV10079','2009-9-29',38.650000)
insert into [dbo].[LichSuTraLuong] (MaNhanVien, NgayThayDoi, Luong) values ('NV10080','2012-10-23',22.900000)
insert into [dbo].[LichSuTraLuong] (MaNhanVien, NgayThayDoi, Luong) values ('NV10081','2006-2-10',16.100000)
insert into [dbo].[LichSuTraLuong] (MaNhanVien, NgayThayDoi, Luong) values ('NV10082','2003-8-7',44.700000)
insert into [dbo].[LichSuTraLuong] (MaNhanVien, NgayThayDoi, Luong) values ('NV10083','2001-6-16',18.750000)
insert into [dbo].[LichSuTraLuong] (MaNhanVien, NgayThayDoi, Luong) values ('NV10084','2008-1-17',27.250000)
insert into [dbo].[LichSuTraLuong] (MaNhanVien, NgayThayDoi, Luong) values ('NV10085','2010-5-1',29.900000)
insert into [dbo].[LichSuTraLuong] (MaNhanVien, NgayThayDoi, Luong) values ('NV10086','2010-1-23',31.850000)
insert into [dbo].[LichSuTraLuong] (MaNhanVien, NgayThayDoi, Luong) values ('NV10087','2004-1-19',19.700000)
insert into [dbo].[LichSuTraLuong] (MaNhanVien, NgayThayDoi, Luong) values ('NV10088','2007-4-1',11.050000)
insert into [dbo].[LichSuTraLuong] (MaNhanVien, NgayThayDoi, Luong) values ('NV10089','2008-1-7',21.900000)
insert into [dbo].[LichSuTraLuong] (MaNhanVien, NgayThayDoi, Luong) values ('NV10090','2010-6-25',23.200000)
insert into [dbo].[LichSuTraLuong] (MaNhanVien, NgayThayDoi, Luong) values ('NV10091','2004-8-10',47.850000)
insert into [dbo].[LichSuTraLuong] (MaNhanVien, NgayThayDoi, Luong) values ('NV10092','2002-11-8',24.250000)
insert into [dbo].[LichSuTraLuong] (MaNhanVien, NgayThayDoi, Luong) values ('NV10093','2013-5-29',12.300000)
insert into [dbo].[LichSuTraLuong] (MaNhanVien, NgayThayDoi, Luong) values ('NV10094','2012-5-1',23.650000)
insert into [dbo].[LichSuTraLuong] (MaNhanVien, NgayThayDoi, Luong) values ('NV10095','2018-9-29',18.400000)
insert into [dbo].[LichSuTraLuong] (MaNhanVien, NgayThayDoi, Luong) values ('NV10096','2007-3-4',34.750000)
insert into [dbo].[LichSuTraLuong] (MaNhanVien, NgayThayDoi, Luong) values ('NV10097','2017-2-14',26.800000)
insert into [dbo].[LichSuTraLuong] (MaNhanVien, NgayThayDoi, Luong) values ('NV10098','2001-7-27',14.300000)
insert into [dbo].[LichSuTraLuong] (MaNhanVien, NgayThayDoi, Luong) values ('NV10099','1999-6-2',38.750000)


insert into [dbo].[AccountNhanVien] (IDNhanVien,Password) values ('NV10000','123456789')
insert into [dbo].[AccountNhanVien] (IDNhanVien,Password) values ('NV10001','123456789')
insert into [dbo].[AccountNhanVien] (IDNhanVien,Password) values ('NV10002','123456789')
insert into [dbo].[AccountNhanVien] (IDNhanVien,Password) values ('NV10003','123456789')
insert into [dbo].[AccountNhanVien] (IDNhanVien,Password) values ('NV10004','123456789')
insert into [dbo].[AccountNhanVien] (IDNhanVien,Password) values ('NV10005','123456789')
insert into [dbo].[AccountNhanVien] (IDNhanVien,Password) values ('NV10006','123456789')
insert into [dbo].[AccountNhanVien] (IDNhanVien,Password) values ('NV10007','123456789')
insert into [dbo].[AccountNhanVien] (IDNhanVien,Password) values ('NV10008','123456789')
insert into [dbo].[AccountNhanVien] (IDNhanVien,Password) values ('NV10009','123456789')
insert into [dbo].[AccountNhanVien] (IDNhanVien,Password) values ('NV10010','123456789')
insert into [dbo].[AccountNhanVien] (IDNhanVien,Password) values ('NV10011','123456789')
insert into [dbo].[AccountNhanVien] (IDNhanVien,Password) values ('NV10012','123456789')
insert into [dbo].[AccountNhanVien] (IDNhanVien,Password) values ('NV10013','123456789')
insert into [dbo].[AccountNhanVien] (IDNhanVien,Password) values ('NV10014','123456789')
insert into [dbo].[AccountNhanVien] (IDNhanVien,Password) values ('NV10015','123456789')
insert into [dbo].[AccountNhanVien] (IDNhanVien,Password) values ('NV10016','123456789')
insert into [dbo].[AccountNhanVien] (IDNhanVien,Password) values ('NV10017','123456789')
insert into [dbo].[AccountNhanVien] (IDNhanVien,Password) values ('NV10018','123456789')
insert into [dbo].[AccountNhanVien] (IDNhanVien,Password) values ('NV10019','123456789')
insert into [dbo].[AccountNhanVien] (IDNhanVien,Password) values ('NV10020','123456789')
insert into [dbo].[AccountNhanVien] (IDNhanVien,Password) values ('NV10021','123456789')
insert into [dbo].[AccountNhanVien] (IDNhanVien,Password) values ('NV10022','123456789')
insert into [dbo].[AccountNhanVien] (IDNhanVien,Password) values ('NV10023','123456789')
insert into [dbo].[AccountNhanVien] (IDNhanVien,Password) values ('NV10024','123456789')
insert into [dbo].[AccountNhanVien] (IDNhanVien,Password) values ('NV10025','123456789')
insert into [dbo].[AccountNhanVien] (IDNhanVien,Password) values ('NV10026','123456789')
insert into [dbo].[AccountNhanVien] (IDNhanVien,Password) values ('NV10027','123456789')
insert into [dbo].[AccountNhanVien] (IDNhanVien,Password) values ('NV10028','123456789')
insert into [dbo].[AccountNhanVien] (IDNhanVien,Password) values ('NV10029','123456789')
insert into [dbo].[AccountNhanVien] (IDNhanVien,Password) values ('NV10030','123456789')
insert into [dbo].[AccountNhanVien] (IDNhanVien,Password) values ('NV10031','123456789')
insert into [dbo].[AccountNhanVien] (IDNhanVien,Password) values ('NV10032','123456789')
insert into [dbo].[AccountNhanVien] (IDNhanVien,Password) values ('NV10033','123456789')
insert into [dbo].[AccountNhanVien] (IDNhanVien,Password) values ('NV10034','123456789')
insert into [dbo].[AccountNhanVien] (IDNhanVien,Password) values ('NV10035','123456789')
insert into [dbo].[AccountNhanVien] (IDNhanVien,Password) values ('NV10036','123456789')
insert into [dbo].[AccountNhanVien] (IDNhanVien,Password) values ('NV10037','123456789')
insert into [dbo].[AccountNhanVien] (IDNhanVien,Password) values ('NV10038','123456789')
insert into [dbo].[AccountNhanVien] (IDNhanVien,Password) values ('NV10039','123456789')
insert into [dbo].[AccountNhanVien] (IDNhanVien,Password) values ('NV10040','123456789')
insert into [dbo].[AccountNhanVien] (IDNhanVien,Password) values ('NV10041','123456789')
insert into [dbo].[AccountNhanVien] (IDNhanVien,Password) values ('NV10042','123456789')
insert into [dbo].[AccountNhanVien] (IDNhanVien,Password) values ('NV10043','123456789')
insert into [dbo].[AccountNhanVien] (IDNhanVien,Password) values ('NV10044','123456789')
insert into [dbo].[AccountNhanVien] (IDNhanVien,Password) values ('NV10045','123456789')
insert into [dbo].[AccountNhanVien] (IDNhanVien,Password) values ('NV10046','123456789')
insert into [dbo].[AccountNhanVien] (IDNhanVien,Password) values ('NV10047','123456789')
insert into [dbo].[AccountNhanVien] (IDNhanVien,Password) values ('NV10048','123456789')
insert into [dbo].[AccountNhanVien] (IDNhanVien,Password) values ('NV10049','123456789')
insert into [dbo].[AccountNhanVien] (IDNhanVien,Password) values ('NV10050','123456789')
insert into [dbo].[AccountNhanVien] (IDNhanVien,Password) values ('NV10051','123456789')
insert into [dbo].[AccountNhanVien] (IDNhanVien,Password) values ('NV10052','123456789')
insert into [dbo].[AccountNhanVien] (IDNhanVien,Password) values ('NV10053','123456789')
insert into [dbo].[AccountNhanVien] (IDNhanVien,Password) values ('NV10054','123456789')
insert into [dbo].[AccountNhanVien] (IDNhanVien,Password) values ('NV10055','123456789')
insert into [dbo].[AccountNhanVien] (IDNhanVien,Password) values ('NV10056','123456789')
insert into [dbo].[AccountNhanVien] (IDNhanVien,Password) values ('NV10057','123456789')
insert into [dbo].[AccountNhanVien] (IDNhanVien,Password) values ('NV10058','123456789')
insert into [dbo].[AccountNhanVien] (IDNhanVien,Password) values ('NV10059','123456789')
insert into [dbo].[AccountNhanVien] (IDNhanVien,Password) values ('NV10060','123456789')
insert into [dbo].[AccountNhanVien] (IDNhanVien,Password) values ('NV10061','123456789')
insert into [dbo].[AccountNhanVien] (IDNhanVien,Password) values ('NV10062','123456789')
insert into [dbo].[AccountNhanVien] (IDNhanVien,Password) values ('NV10063','123456789')
insert into [dbo].[AccountNhanVien] (IDNhanVien,Password) values ('NV10064','123456789')
insert into [dbo].[AccountNhanVien] (IDNhanVien,Password) values ('NV10065','123456789')
insert into [dbo].[AccountNhanVien] (IDNhanVien,Password) values ('NV10066','123456789')
insert into [dbo].[AccountNhanVien] (IDNhanVien,Password) values ('NV10067','123456789')
insert into [dbo].[AccountNhanVien] (IDNhanVien,Password) values ('NV10068','123456789')
insert into [dbo].[AccountNhanVien] (IDNhanVien,Password) values ('NV10069','123456789')
insert into [dbo].[AccountNhanVien] (IDNhanVien,Password) values ('NV10070','123456789')
insert into [dbo].[AccountNhanVien] (IDNhanVien,Password) values ('NV10071','123456789')
insert into [dbo].[AccountNhanVien] (IDNhanVien,Password) values ('NV10072','123456789')
insert into [dbo].[AccountNhanVien] (IDNhanVien,Password) values ('NV10073','123456789')
insert into [dbo].[AccountNhanVien] (IDNhanVien,Password) values ('NV10074','123456789')
insert into [dbo].[AccountNhanVien] (IDNhanVien,Password) values ('NV10075','123456789')
insert into [dbo].[AccountNhanVien] (IDNhanVien,Password) values ('NV10076','123456789')
insert into [dbo].[AccountNhanVien] (IDNhanVien,Password) values ('NV10077','123456789')
insert into [dbo].[AccountNhanVien] (IDNhanVien,Password) values ('NV10078','123456789')
insert into [dbo].[AccountNhanVien] (IDNhanVien,Password) values ('NV10079','123456789')
insert into [dbo].[AccountNhanVien] (IDNhanVien,Password) values ('NV10080','123456789')
insert into [dbo].[AccountNhanVien] (IDNhanVien,Password) values ('NV10081','123456789')
insert into [dbo].[AccountNhanVien] (IDNhanVien,Password) values ('NV10082','123456789')
insert into [dbo].[AccountNhanVien] (IDNhanVien,Password) values ('NV10083','123456789')
insert into [dbo].[AccountNhanVien] (IDNhanVien,Password) values ('NV10084','123456789')
insert into [dbo].[AccountNhanVien] (IDNhanVien,Password) values ('NV10085','123456789')
insert into [dbo].[AccountNhanVien] (IDNhanVien,Password) values ('NV10086','123456789')
insert into [dbo].[AccountNhanVien] (IDNhanVien,Password) values ('NV10087','123456789')
insert into [dbo].[AccountNhanVien] (IDNhanVien,Password) values ('NV10088','123456789')
insert into [dbo].[AccountNhanVien] (IDNhanVien,Password) values ('NV10089','123456789')
insert into [dbo].[AccountNhanVien] (IDNhanVien,Password) values ('NV10090','123456789')
insert into [dbo].[AccountNhanVien] (IDNhanVien,Password) values ('NV10091','123456789')
insert into [dbo].[AccountNhanVien] (IDNhanVien,Password) values ('NV10092','123456789')
insert into [dbo].[AccountNhanVien] (IDNhanVien,Password) values ('NV10093','123456789')
insert into [dbo].[AccountNhanVien] (IDNhanVien,Password) values ('NV10094','123456789')
insert into [dbo].[AccountNhanVien] (IDNhanVien,Password) values ('NV10095','123456789')
insert into [dbo].[AccountNhanVien] (IDNhanVien,Password) values ('NV10096','123456789')
insert into [dbo].[AccountNhanVien] (IDNhanVien,Password) values ('NV10097','123456789')
insert into [dbo].[AccountNhanVien] (IDNhanVien,Password) values ('NV10098','123456789')
insert into [dbo].[AccountNhanVien] (IDNhanVien,Password) values ('NV10099','123456789')



insert into [dbo].[KhachHang] (MaKhachHang, Ten, DiaChi, SDT, ChiNhanhQuanLy) values ('KH10000',N'Trần Hùng Trần Hiếu',N'Đường số 7, Quận 1','0951482673','CN10004')
insert into [dbo].[KhachHang] (MaKhachHang, Ten, DiaChi, SDT, ChiNhanhQuanLy) values ('KH10001',N'Hùng Bùi Tâm Quốc',N'Đường số 7, Quận 5','0938172564','CN10000')
insert into [dbo].[KhachHang] (MaKhachHang, Ten, DiaChi, SDT, ChiNhanhQuanLy) values ('KH10002',N'Lê Hoàng Quang Quang',N'Nguyễn Lữ, Quận 1','0932475186','CN10006')
insert into [dbo].[KhachHang] (MaKhachHang, Ten, DiaChi, SDT, ChiNhanhQuanLy) values ('KH10003',N'Nguyễn Ngô Bá Vũ',N'Đường số 6, Quận 9','0924736581','CN10013')
insert into [dbo].[KhachHang] (MaKhachHang, Ten, DiaChi, SDT, ChiNhanhQuanLy) values ('KH10004',N'Ngô Ngô Thanh Vinh',N'Võ Thị Sáu, Quận 5','0916287543','CN10006')
insert into [dbo].[KhachHang] (MaKhachHang, Ten, DiaChi, SDT, ChiNhanhQuanLy) values ('KH10005',N'Huỳnh Hùng Chí Quốc',N'Nguyễn Lữ, Quận 10','0967851342','CN10008')
insert into [dbo].[KhachHang] (MaKhachHang, Ten, DiaChi, SDT, ChiNhanhQuanLy) values ('KH10006',N'Trần Đồng Minh Minh',N'Trần Đình Giót, Quận 2','0914763285','CN10000')
insert into [dbo].[KhachHang] (MaKhachHang, Ten, DiaChi, SDT, ChiNhanhQuanLy) values ('KH10007',N'Phạm Trịnh Thanh Thành',N'Đường số 6, Quận Bình Tân','0974182563','CN10010')
insert into [dbo].[KhachHang] (MaKhachHang, Ten, DiaChi, SDT, ChiNhanhQuanLy) values ('KH10008',N'Trịnh Mỹ Trịnh Mỹ',N'Quang Trung, Quận 6','0948153762','CN10001')
insert into [dbo].[KhachHang] (MaKhachHang, Ten, DiaChi, SDT, ChiNhanhQuanLy) values ('KH10009',N'Vũ Bùi Bá Bạc',N'Trần Quốc Tuấn, Quận Tân Bình','0938675421','CN10016')
insert into [dbo].[KhachHang] (MaKhachHang, Ten, DiaChi, SDT, ChiNhanhQuanLy) values ('KH10010',N'Bùi Trọng Tâm Ái',N'Đường số 6, Quận 8','0971428365','CN10008')
insert into [dbo].[KhachHang] (MaKhachHang, Ten, DiaChi, SDT, ChiNhanhQuanLy) values ('KH10011',N'Trần Mỹ Trần Trung',N'Võ Thị Sáu, Quận 5','0924736581','CN10005')
insert into [dbo].[KhachHang] (MaKhachHang, Ten, DiaChi, SDT, ChiNhanhQuanLy) values ('KH10012',N'Bùi Mỹ Quang Hùng',N'Trần Quốc Tuấn, Quận Tân Bình','0931654872','CN10011')
insert into [dbo].[KhachHang] (MaKhachHang, Ten, DiaChi, SDT, ChiNhanhQuanLy) values ('KH10013',N'Trần Trọng Quang Vinh',N'Võ Nguyên Giáp, Quận 8','0962781453','CN10009')
insert into [dbo].[KhachHang] (MaKhachHang, Ten, DiaChi, SDT, ChiNhanhQuanLy) values ('KH10014',N'Phạm Mỹ Văn Quang',N'Đường số 6, Quận 1','0962174385','CN10001')
insert into [dbo].[KhachHang] (MaKhachHang, Ten, DiaChi, SDT, ChiNhanhQuanLy) values ('KH10015',N'Trần Nguyễn Bá Chí',N'Nguyễn Lữ, Quận 8','0957286431','CN10006')
insert into [dbo].[KhachHang] (MaKhachHang, Ten, DiaChi, SDT, ChiNhanhQuanLy) values ('KH10016',N'Ngô Mỹ Lê Trung',N'Võ Nguyên Giáp, Quận Bình Thạnh','0964825371','CN10012')
insert into [dbo].[KhachHang] (MaKhachHang, Ten, DiaChi, SDT, ChiNhanhQuanLy) values ('KH10017',N'Dương Nguyễn Văn Vũ',N'Nguyễn Huệ, Quận Bình Thạnh','0924736581','CN10006')
insert into [dbo].[KhachHang] (MaKhachHang, Ten, DiaChi, SDT, ChiNhanhQuanLy) values ('KH10018',N'Trần Ngô Văn Trường',N'Nguyễn Lữ, Quận 5','0967253184','CN10001')
insert into [dbo].[KhachHang] (MaKhachHang, Ten, DiaChi, SDT, ChiNhanhQuanLy) values ('KH10019',N'Hùng Mỹ Trần Minh',N'Nguyễn Bá Loan, Quận Gò Vấp','0916827354','CN10011')
insert into [dbo].[KhachHang] (MaKhachHang, Ten, DiaChi, SDT, ChiNhanhQuanLy) values ('KH10020',N'Trần Vũ Trịnh Quốc',N'Cách Mạng Tháng 8, Quận 9','0982617354','CN10005')
insert into [dbo].[KhachHang] (MaKhachHang, Ten, DiaChi, SDT, ChiNhanhQuanLy) values ('KH10021',N'Hùng Hùng Tâm Vinh',N'Trần Đình Giót, Quận 8','0978452163','CN10003')
insert into [dbo].[KhachHang] (MaKhachHang, Ten, DiaChi, SDT, ChiNhanhQuanLy) values ('KH10022',N'Trịnh Phan Tâm Xuân',N'Trần Đình Giót, Quận Tân Bình','0947326581','CN10018')
insert into [dbo].[KhachHang] (MaKhachHang, Ten, DiaChi, SDT, ChiNhanhQuanLy) values ('KH10023',N'Phan Ngô Thanh Vinh',N'Ngô Văn Khuê, Quận 5','0986715243','CN10010')
insert into [dbo].[KhachHang] (MaKhachHang, Ten, DiaChi, SDT, ChiNhanhQuanLy) values ('KH10024',N'Phan Trần Trần Tâm',N'Võ Thị Sáu, Quận 8','0964825371','CN10018')
insert into [dbo].[KhachHang] (MaKhachHang, Ten, DiaChi, SDT, ChiNhanhQuanLy) values ('KH10025',N'Vũ Lê Tâm Vinh',N'Cách Mạng Tháng 8, Quận 5','0942853761','CN10012')
insert into [dbo].[KhachHang] (MaKhachHang, Ten, DiaChi, SDT, ChiNhanhQuanLy) values ('KH10026',N'Bùi Trịnh Chí Xuân',N'Đường số 6, Quận 3','0915482673','CN10017')
insert into [dbo].[KhachHang] (MaKhachHang, Ten, DiaChi, SDT, ChiNhanhQuanLy) values ('KH10027',N'Trần Vũ Trịnh Quốc',N'Đường số 7, Quận 6','0946718253','CN10012')
insert into [dbo].[KhachHang] (MaKhachHang, Ten, DiaChi, SDT, ChiNhanhQuanLy) values ('KH10028',N'Đồng Trần Bá Trường',N'Nguyễn Bá Loan, Quận 3','0956481372','CN10001')
insert into [dbo].[KhachHang] (MaKhachHang, Ten, DiaChi, SDT, ChiNhanhQuanLy) values ('KH10029',N'Phạm Trịnh Thanh Thành',N'Trần Đình Giót, Quận 6','0936742851','CN10008')
insert into [dbo].[KhachHang] (MaKhachHang, Ten, DiaChi, SDT, ChiNhanhQuanLy) values ('KH10030',N'Hoàng Trần Trịnh Vũ',N'Nguyễn Bá Loan, Quận Bình Thạnh','0928317465','CN10010')
insert into [dbo].[KhachHang] (MaKhachHang, Ten, DiaChi, SDT, ChiNhanhQuanLy) values ('KH10031',N'Dương Nguyễn Văn Vũ',N'Nguyễn Huệ, Quận 9','0964218375','CN10011')
insert into [dbo].[KhachHang] (MaKhachHang, Ten, DiaChi, SDT, ChiNhanhQuanLy) values ('KH10032',N'Hùng Bùi Lê Quốc',N'Trần Quốc Tuấn, Quận Bình Thạnh','0978452163','CN10001')
insert into [dbo].[KhachHang] (MaKhachHang, Ten, DiaChi, SDT, ChiNhanhQuanLy) values ('KH10033',N'Phạm Bùi Thanh Vũ',N'Cách Mạng Tháng 8, Quận 6','0925463871','CN10012')
insert into [dbo].[KhachHang] (MaKhachHang, Ten, DiaChi, SDT, ChiNhanhQuanLy) values ('KH10034',N'Phan Ngô Lê Tâm',N'Nguyễn Huệ, Quận Bình Thạnh','0967253184','CN10000')
insert into [dbo].[KhachHang] (MaKhachHang, Ten, DiaChi, SDT, ChiNhanhQuanLy) values ('KH10035',N'Ngô Nguyễn Tâm Tâm',N'Ngô Văn Khuê, Quận 1','0936742851','CN10018')
insert into [dbo].[KhachHang] (MaKhachHang, Ten, DiaChi, SDT, ChiNhanhQuanLy) values ('KH10036',N'Trần Vũ Trịnh Quốc',N'Trần Quốc Tuấn, Quận Bình Tân','0981372564','CN10005')
insert into [dbo].[KhachHang] (MaKhachHang, Ten, DiaChi, SDT, ChiNhanhQuanLy) values ('KH10037',N'Bùi Trịnh Chí Xuân',N'Trần Trương, Quận Gò Vấp','0932871564','CN10018')
insert into [dbo].[KhachHang] (MaKhachHang, Ten, DiaChi, SDT, ChiNhanhQuanLy) values ('KH10038',N'Phan Mỹ Văn Vương',N'Nguyễn Huệ, Quận Tân Bình','0952187643','CN10018')
insert into [dbo].[KhachHang] (MaKhachHang, Ten, DiaChi, SDT, ChiNhanhQuanLy) values ('KH10039',N'Trần Lê Minh Chí',N'Võ Thị Sáu, Quận Bình Tân','0943672185','CN10009')
insert into [dbo].[KhachHang] (MaKhachHang, Ten, DiaChi, SDT, ChiNhanhQuanLy) values ('KH10040',N'Dương Mỹ Trịnh Mỹ',N'Nguyễn Huệ, Quận Tân Bình','0928317465','CN10016')
insert into [dbo].[KhachHang] (MaKhachHang, Ten, DiaChi, SDT, ChiNhanhQuanLy) values ('KH10041',N'Nguyễn Trịnh Trần Hiếu',N'Nguyễn Huệ, Quận Tân Phú','0976235481','CN10011')
insert into [dbo].[KhachHang] (MaKhachHang, Ten, DiaChi, SDT, ChiNhanhQuanLy) values ('KH10042',N'Vũ Lê Tâm Vinh',N'Cách Mạng Tháng 8, Quận 1','0934687521','CN10008')
insert into [dbo].[KhachHang] (MaKhachHang, Ten, DiaChi, SDT, ChiNhanhQuanLy) values ('KH10043',N'Nguyễn Ngô Bá Vũ',N'Võ Nguyên Giáp, Quận Bình Tân','0985371462','CN10016')
insert into [dbo].[KhachHang] (MaKhachHang, Ten, DiaChi, SDT, ChiNhanhQuanLy) values ('KH10044',N'Bùi Nguyễn Lê Vũ',N'Trần Trương, Quận Bình Thạnh','0916287543','CN10014')
insert into [dbo].[KhachHang] (MaKhachHang, Ten, DiaChi, SDT, ChiNhanhQuanLy) values ('KH10045',N'Ngô Mỹ Lê Trung',N'Trần Đình Giót, Quận 8','0956481372','CN10003')
insert into [dbo].[KhachHang] (MaKhachHang, Ten, DiaChi, SDT, ChiNhanhQuanLy) values ('KH10046',N'Trần Ngô Văn Trường',N'Võ Nguyên Giáp, Quận 3','0983426571','CN10014')
insert into [dbo].[KhachHang] (MaKhachHang, Ten, DiaChi, SDT, ChiNhanhQuanLy) values ('KH10047',N'Bùi Mỹ Lê Vương',N'Võ Thị Sáu, Quận Bình Tân','0973462185','CN10000')
insert into [dbo].[KhachHang] (MaKhachHang, Ten, DiaChi, SDT, ChiNhanhQuanLy) values ('KH10048',N'Đồng Trọng Minh Trung',N'Quang Trung, Quận 1','0981765432','CN10016')
insert into [dbo].[KhachHang] (MaKhachHang, Ten, DiaChi, SDT, ChiNhanhQuanLy) values ('KH10049',N'Trịnh Dương Quang Trường',N'Đường số 6, Quận Tân Phú','0942357681','CN10000')


insert into [dbo].[ChuNha] (MaChuNha, TenChuNha, TinhTrang, DiaChi, LoaiChuNha, SDT) values ('LL10000',N'Hoàng Hùng Quang Quang',1,N'Quang Trung, Quận 8',1,'0916827354')
insert into [dbo].[ChuNha] (MaChuNha, TenChuNha, TinhTrang, DiaChi, LoaiChuNha, SDT) values ('LL10001',N'Hùng Phan Văn Xuân',1,N'Nguyễn Lữ, Quận 8',1,'0986715243')
insert into [dbo].[ChuNha] (MaChuNha, TenChuNha, TinhTrang, DiaChi, LoaiChuNha, SDT) values ('LL10002',N'Ngô Nguyễn Minh Quốc',1,N'Trần Đình Giót, Quận 8',1,'0947326581')
insert into [dbo].[ChuNha] (MaChuNha, TenChuNha, TinhTrang, DiaChi, LoaiChuNha, SDT) values ('LL10003',N'Bùi Bùi Tâm Trung',1,N'Trần Đình Giót, Quận 3',1,'0918354762')
insert into [dbo].[ChuNha] (MaChuNha, TenChuNha, TinhTrang, DiaChi, LoaiChuNha, SDT) values ('LL10004',N'Lê Hùng Trần Hùng',1,N'Quang Trung, Quận 6',1,'0942357681')
insert into [dbo].[ChuNha] (MaChuNha, TenChuNha, TinhTrang, DiaChi, LoaiChuNha, SDT) values ('LL10005',N'Trần Huỳnh Văn Tâm',1,N'Trần Quốc Tuấn, Quận 2',1,'0914265873')
insert into [dbo].[ChuNha] (MaChuNha, TenChuNha, TinhTrang, DiaChi, LoaiChuNha, SDT) values ('LL10006',N'Trần Bùi Văn Quốc',1,N'Trần Đình Giót, Quận 2',1,'0954862173')
insert into [dbo].[ChuNha] (MaChuNha, TenChuNha, TinhTrang, DiaChi, LoaiChuNha, SDT) values ('LL10007',N'Hoàng Bùi Quang Hiếu',1,N'Võ Thị Sáu, Quận Gò Vấp',1,'0938675421')
insert into [dbo].[ChuNha] (MaChuNha, TenChuNha, TinhTrang, DiaChi, LoaiChuNha, SDT) values ('LL10008',N'Vũ Vương Minh Vinh',1,N'Võ Nguyên Giáp, Quận Gò Vấp',1,'0965432871')
insert into [dbo].[ChuNha] (MaChuNha, TenChuNha, TinhTrang, DiaChi, LoaiChuNha, SDT) values ('LL10009',N'Ngô Đồng Quang Ái',1,N'Võ Nguyên Giáp, Quận 9',1,'0943672185')
insert into [dbo].[ChuNha] (MaChuNha, TenChuNha, TinhTrang, DiaChi, LoaiChuNha, SDT) values ('LL10010',N'Bùi Bùi Tâm Trung',1,N'Nguyễn Lữ, Quận Tân Phú',1,'0981372564')
insert into [dbo].[ChuNha] (MaChuNha, TenChuNha, TinhTrang, DiaChi, LoaiChuNha, SDT) values ('LL10011',N'Mỹ Vương Quang Trường',1,N'Ngô Văn Khuê, Quận Tân Bình',1,'0962781453')
insert into [dbo].[ChuNha] (MaChuNha, TenChuNha, TinhTrang, DiaChi, LoaiChuNha, SDT) values ('LL10012',N'Đồng Phạm Trần Minh',1,N'Cách Mạng Tháng 8, Quận 8',1,'0956481372')
insert into [dbo].[ChuNha] (MaChuNha, TenChuNha, TinhTrang, DiaChi, LoaiChuNha, SDT) values ('LL10013',N'Mỹ Vương Quang Trường',1,N'Trần Quốc Tuấn, Quận 6',1,'0941628375')
insert into [dbo].[ChuNha] (MaChuNha, TenChuNha, TinhTrang, DiaChi, LoaiChuNha, SDT) values ('LL10014',N'Dương Mỹ Trịnh Thịnh',1,N'Đường số 7, Quận 4',1,'0963487521')
insert into [dbo].[ChuNha] (MaChuNha, TenChuNha, TinhTrang, DiaChi, LoaiChuNha, SDT) values ('LL10015',N'Phan Huỳnh Trịnh Vương',1,N'Ngô Văn Khuê, Quận 6',1,'0972146583')
insert into [dbo].[ChuNha] (MaChuNha, TenChuNha, TinhTrang, DiaChi, LoaiChuNha, SDT) values ('LL10016',N'Phạm Ngô Trịnh Ái',1,N'Nguyễn Huệ, Quận 1',1,'0938172564')
insert into [dbo].[ChuNha] (MaChuNha, TenChuNha, TinhTrang, DiaChi, LoaiChuNha, SDT) values ('LL10017',N'Huỳnh Hoàng Tâm Vũ',1,N'Trần Đình Giót, Quận Tân Bình',1,'0953627481')
insert into [dbo].[ChuNha] (MaChuNha, TenChuNha, TinhTrang, DiaChi, LoaiChuNha, SDT) values ('LL10018',N'Trọng Trần Bá Trung',1,N'Cách Mạng Tháng 8, Quận Gò Vấp',1,'0958624371')
insert into [dbo].[ChuNha] (MaChuNha, TenChuNha, TinhTrang, DiaChi, LoaiChuNha, SDT) values ('LL10019',N'Trần Trần Minh Thành',1,N'Đường số 6, Quận 1',1,'0952817364')
insert into [dbo].[ChuNha] (MaChuNha, TenChuNha, TinhTrang, DiaChi, LoaiChuNha, SDT) values ('LL10020',N'Trần Trịnh Thanh Trung',1,N'Trần Quốc Tuấn, Quận 2',1,'0987425361')
insert into [dbo].[ChuNha] (MaChuNha, TenChuNha, TinhTrang, DiaChi, LoaiChuNha, SDT) values ('LL10021',N'Ngô Đồng Thanh Minh',1,N'Nguyễn Lữ, Quận Bình Tân',1,'0952187643')
insert into [dbo].[ChuNha] (MaChuNha, TenChuNha, TinhTrang, DiaChi, LoaiChuNha, SDT) values ('LL10022',N'Vũ Vương Minh Vinh',1,N'Ngô Văn Khuê, Quận 4',1,'0962781453')
insert into [dbo].[ChuNha] (MaChuNha, TenChuNha, TinhTrang, DiaChi, LoaiChuNha, SDT) values ('LL10023',N'Hùng Lê Chí Bạc',1,N'Trần Quốc Tuấn, Quận Bình Tân',1,'0941628375')
insert into [dbo].[ChuNha] (MaChuNha, TenChuNha, TinhTrang, DiaChi, LoaiChuNha, SDT) values ('LL10024',N'Đồng Vương Bá Tâm',1,N'Quang Trung, Quận 3',1,'0937462185')
insert into [dbo].[ChuNha] (MaChuNha, TenChuNha, TinhTrang, DiaChi, LoaiChuNha, SDT) values ('LL10025',N'Bùi Bùi Tâm Trung',1,N'Võ Thị Sáu, Quận 1',1,'0927486531')
insert into [dbo].[ChuNha] (MaChuNha, TenChuNha, TinhTrang, DiaChi, LoaiChuNha, SDT) values ('LL10026',N'Trịnh Trần Quang Minh',1,N'Võ Nguyên Giáp, Quận Tân Bình',1,'0958127364')
insert into [dbo].[ChuNha] (MaChuNha, TenChuNha, TinhTrang, DiaChi, LoaiChuNha, SDT) values ('LL10027',N'Dương Huỳnh Chí Vương',1,N'Trần Đình Giót, Quận 8',1,'0982617354')
insert into [dbo].[ChuNha] (MaChuNha, TenChuNha, TinhTrang, DiaChi, LoaiChuNha, SDT) values ('LL10028',N'Dương Nguyễn Chí Thành',1,N'Trần Quốc Tuấn, Quận 8',1,'0942357681')
insert into [dbo].[ChuNha] (MaChuNha, TenChuNha, TinhTrang, DiaChi, LoaiChuNha, SDT) values ('LL10029',N'Đồng Đồng Văn Bạc',1,N'Đường số 7, Quận 3',1,'0975418263')
insert into [dbo].[ChuNha] (MaChuNha, TenChuNha, TinhTrang, DiaChi, LoaiChuNha, SDT) values ('LL10030',N'Bùi Phan Văn Quốc',1,N'Ngô Văn Khuê, Quận 2',1,'0946718253')
insert into [dbo].[ChuNha] (MaChuNha, TenChuNha, TinhTrang, DiaChi, LoaiChuNha, SDT) values ('LL10031',N'Bùi Hoàng Chí Ái',1,N'Trần Đình Giót, Quận 3',1,'0918753264')
insert into [dbo].[ChuNha] (MaChuNha, TenChuNha, TinhTrang, DiaChi, LoaiChuNha, SDT) values ('LL10032',N'Nguyễn Dương Minh Thành',1,N'Trần Quốc Tuấn, Quận Bình Tân',1,'0947326581')
insert into [dbo].[ChuNha] (MaChuNha, TenChuNha, TinhTrang, DiaChi, LoaiChuNha, SDT) values ('LL10033',N'Ngô Đồng Quang Ái',1,N'Đường số 7, Quận Tân Bình',1,'0923487651')
insert into [dbo].[ChuNha] (MaChuNha, TenChuNha, TinhTrang, DiaChi, LoaiChuNha, SDT) values ('LL10034',N'Trần Bùi Văn Quốc',1,N'Võ Thị Sáu, Quận Tân Bình',1,'0972146583')
insert into [dbo].[ChuNha] (MaChuNha, TenChuNha, TinhTrang, DiaChi, LoaiChuNha, SDT) values ('LL10035',N'Ngô Mỹ Thanh Quốc',1,N'Nguyễn Bá Loan, Quận 8',1,'0986175432')
insert into [dbo].[ChuNha] (MaChuNha, TenChuNha, TinhTrang, DiaChi, LoaiChuNha, SDT) values ('LL10036',N'Mỹ Bùi Lê Việt',1,N'Đường số 7, Quận 10',1,'0938675421')
insert into [dbo].[ChuNha] (MaChuNha, TenChuNha, TinhTrang, DiaChi, LoaiChuNha, SDT) values ('LL10037',N'Đồng Phan Tâm Bạc',1,N'Cách Mạng Tháng 8, Quận 1',1,'0952817364')
insert into [dbo].[ChuNha] (MaChuNha, TenChuNha, TinhTrang, DiaChi, LoaiChuNha, SDT) values ('LL10038',N'Huỳnh Trọng Tâm Quốc',1,N'Quang Trung, Quận Tân Phú',1,'0927486531')
insert into [dbo].[ChuNha] (MaChuNha, TenChuNha, TinhTrang, DiaChi, LoaiChuNha, SDT) values ('LL10039',N'Bùi Phan Văn Quốc',1,N'Nguyễn Lữ, Quận 5',1,'0951482673')
insert into [dbo].[ChuNha] (MaChuNha, TenChuNha, TinhTrang, DiaChi, LoaiChuNha, SDT) values ('LL10040',N'Trịnh Trần Quang Minh',1,N'Nguyễn Bá Loan, Quận 4',1,'0924138576')
insert into [dbo].[ChuNha] (MaChuNha, TenChuNha, TinhTrang, DiaChi, LoaiChuNha, SDT) values ('LL10041',N'Đồng Trần Thanh Trường',1,N'Trần Đình Giót, Quận 1',1,'0932475186')
insert into [dbo].[ChuNha] (MaChuNha, TenChuNha, TinhTrang, DiaChi, LoaiChuNha, SDT) values ('LL10042',N'Bùi Hoàng Chí Ái',1,N'Đường số 6, Quận Tân Bình',1,'0918753264')
insert into [dbo].[ChuNha] (MaChuNha, TenChuNha, TinhTrang, DiaChi, LoaiChuNha, SDT) values ('LL10043',N'Bùi Hoàng Trịnh Chí',1,N'Đường số 7, Quận 3',1,'0973462185')
insert into [dbo].[ChuNha] (MaChuNha, TenChuNha, TinhTrang, DiaChi, LoaiChuNha, SDT) values ('LL10044',N'Trần Ngô Chí Mỹ',1,N'Đường số 7, Quận Bình Thạnh',1,'0926781453')
insert into [dbo].[ChuNha] (MaChuNha, TenChuNha, TinhTrang, DiaChi, LoaiChuNha, SDT) values ('LL10045',N'Vũ Huỳnh Trần Chí',1,N'Trần Trương, Quận 10',1,'0935418276')
insert into [dbo].[ChuNha] (MaChuNha, TenChuNha, TinhTrang, DiaChi, LoaiChuNha, SDT) values ('LL10046',N'Ngô Phan Chí Thành',1,N'Võ Thị Sáu, Quận Tân Phú',1,'0956481372')
insert into [dbo].[ChuNha] (MaChuNha, TenChuNha, TinhTrang, DiaChi, LoaiChuNha, SDT) values ('LL10047',N'Phan Lê Bá Thịnh',1,N'Đường số 6, Quận 6',1,'0984153762')
insert into [dbo].[ChuNha] (MaChuNha, TenChuNha, TinhTrang, DiaChi, LoaiChuNha, SDT) values ('LL10048',N'Hùng Mỹ Quang Xuân',1,N'Trần Trương, Quận Tân Phú',1,'0964218375')
insert into [dbo].[ChuNha] (MaChuNha, TenChuNha, TinhTrang, DiaChi, LoaiChuNha, SDT) values ('LL10049',N'Hoàng Trịnh Trịnh Vinh',1,N'Trần Đình Giót, Quận Bình Tân',1,'0973462185')




insert into [dbo].[LoaiNha] (Ten) values (N'Nhà cấp 1');
insert into [dbo].[LoaiNha] (Ten) values (N'Nhà cấp 2');
insert into [dbo].[LoaiNha] (Ten) values (N'Nhà cấp 3');
insert into [dbo].[LoaiNha] (Ten) values (N'Nhà cấp 4');
insert into [dbo].[LoaiNha] (Ten) values (N'Nhà biệt thự');
insert into [dbo].[LoaiNha] (Ten) values (N'Nhà chung cư');
insert into [dbo].[LoaiNha] (Ten) values (N'Nhà gần sông');
insert into [dbo].[LoaiNha] (Ten) values (N'Nhà mặt tiền');
insert into [dbo].[LoaiNha] (Ten) values (N'Nhà trong hẻm');



																													
insert into [dbo].[Nha] (SoPhong, DiaChi, LuotXem, TinhTrang, NgayDang, NgayHetHan, KieuNha, NVQuanLy, ChuNha, LoaiNha) values (3,N'Trần Quốc Tuấn, Quận 9',500,1,'2019-11-30','2020-12-30',0,'NV10024','LL10007',1)
insert into [dbo].[Nha] (SoPhong, DiaChi, LuotXem, TinhTrang, NgayDang, NgayHetHan, KieuNha, NVQuanLy, ChuNha, LoaiNha) values (1,N'Trần Trương, Quận 2',500,1,'2019-11-30','2020-12-30',1,'NV10007','LL10043',1)
insert into [dbo].[Nha] (SoPhong, DiaChi, LuotXem, TinhTrang, NgayDang, NgayHetHan, KieuNha, NVQuanLy, ChuNha, LoaiNha) values (5,N'Cách Mạng Tháng 8, Quận 10',500,1,'2019-11-30','2020-12-30',0,'NV10020','LL10034',7)
insert into [dbo].[Nha] (SoPhong, DiaChi, LuotXem, TinhTrang, NgayDang, NgayHetHan, KieuNha, NVQuanLy, ChuNha, LoaiNha) values (3,N'Đường số 7, Quận 1',500,1,'2019-11-30','2020-12-30',1,'NV10056','LL10028',6)
insert into [dbo].[Nha] (SoPhong, DiaChi, LuotXem, TinhTrang, NgayDang, NgayHetHan, KieuNha, NVQuanLy, ChuNha, LoaiNha) values (1,N'Trần Đình Giót, Quận 5',500,0,'2019-11-30','2020-12-30',0,'NV10015','LL10046',5)
insert into [dbo].[Nha] (SoPhong, DiaChi, LuotXem, TinhTrang, NgayDang, NgayHetHan, KieuNha, NVQuanLy, ChuNha, LoaiNha) values (2,N'Cách Mạng Tháng 8, Quận Bình Tân',500,1,'2019-11-30','2020-12-30',1,'NV10034','LL10022',5)
insert into [dbo].[Nha] (SoPhong, DiaChi, LuotXem, TinhTrang, NgayDang, NgayHetHan, KieuNha, NVQuanLy, ChuNha, LoaiNha) values (5,N'Võ Nguyên Giáp, Quận Tân Bình',500,0,'2019-11-30','2020-12-30',0,'NV10033','LL10035',7)
insert into [dbo].[Nha] (SoPhong, DiaChi, LuotXem, TinhTrang, NgayDang, NgayHetHan, KieuNha, NVQuanLy, ChuNha, LoaiNha) values (2,N'Nguyễn Lữ, Quận 1',500,1,'2019-11-30','2020-12-30',1,'NV10051','LL10006',4)
insert into [dbo].[Nha] (SoPhong, DiaChi, LuotXem, TinhTrang, NgayDang, NgayHetHan, KieuNha, NVQuanLy, ChuNha, LoaiNha) values (5,N'Nguyễn Huệ, Quận 8',500,0,'2019-11-30','2020-12-30',0,'NV10092','LL10034',5)
insert into [dbo].[Nha] (SoPhong, DiaChi, LuotXem, TinhTrang, NgayDang, NgayHetHan, KieuNha, NVQuanLy, ChuNha, LoaiNha) values (2,N'Cách Mạng Tháng 8, Quận 3',500,1,'2019-11-30','2020-12-30',1,'NV10058','LL10029',6)
insert into [dbo].[Nha] (SoPhong, DiaChi, LuotXem, TinhTrang, NgayDang, NgayHetHan, KieuNha, NVQuanLy, ChuNha, LoaiNha) values (4,N'Nguyễn Huệ, Quận 9',500,0,'2019-11-30','2020-12-30',0,'NV10096','LL10005',3)
insert into [dbo].[Nha] (SoPhong, DiaChi, LuotXem, TinhTrang, NgayDang, NgayHetHan, KieuNha, NVQuanLy, ChuNha, LoaiNha) values (4,N'Nguyễn Lữ, Quận 5',500,1,'2019-11-30','2020-12-30',1,'NV10051','LL10043',2)
insert into [dbo].[Nha] (SoPhong, DiaChi, LuotXem, TinhTrang, NgayDang, NgayHetHan, KieuNha, NVQuanLy, ChuNha, LoaiNha) values (5,N'Cách Mạng Tháng 8, Quận 9',500,1,'2019-11-30','2020-12-30',0,'NV10083','LL10014',5)
insert into [dbo].[Nha] (SoPhong, DiaChi, LuotXem, TinhTrang, NgayDang, NgayHetHan, KieuNha, NVQuanLy, ChuNha, LoaiNha) values (3,N'Võ Nguyên Giáp, Quận 5',500,1,'2019-11-30','2020-12-30',1,'NV10069','LL10029',4)
insert into [dbo].[Nha] (SoPhong, DiaChi, LuotXem, TinhTrang, NgayDang, NgayHetHan, KieuNha, NVQuanLy, ChuNha, LoaiNha) values (3,N'Trần Trương, Quận Tân Phú',500,0,'2019-11-30','2020-12-30',0,'NV10078','LL10035',7)
insert into [dbo].[Nha] (SoPhong, DiaChi, LuotXem, TinhTrang, NgayDang, NgayHetHan, KieuNha, NVQuanLy, ChuNha, LoaiNha) values (4,N'Trần Trương, Quận 2',500,1,'2019-11-30','2020-12-30',1,'NV10091','LL10043',2)
insert into [dbo].[Nha] (SoPhong, DiaChi, LuotXem, TinhTrang, NgayDang, NgayHetHan, KieuNha, NVQuanLy, ChuNha, LoaiNha) values (5,N'Trần Đình Giót, Quận 1',500,0,'2019-11-30','2020-12-30',0,'NV10029','LL10010',3)
insert into [dbo].[Nha] (SoPhong, DiaChi, LuotXem, TinhTrang, NgayDang, NgayHetHan, KieuNha, NVQuanLy, ChuNha, LoaiNha) values (5,N'Trần Trương, Quận 8',500,1,'2019-11-30','2020-12-30',1,'NV10091','LL10046',5)
insert into [dbo].[Nha] (SoPhong, DiaChi, LuotXem, TinhTrang, NgayDang, NgayHetHan, KieuNha, NVQuanLy, ChuNha, LoaiNha) values (3,N'Đường số 6, Quận 8',500,0,'2019-11-30','2020-12-30',0,'NV10023','LL10006',4)
insert into [dbo].[Nha] (SoPhong, DiaChi, LuotXem, TinhTrang, NgayDang, NgayHetHan, KieuNha, NVQuanLy, ChuNha, LoaiNha) values (3,N'Nguyễn Huệ, Quận Gò Vấp',500,1,'2019-11-30','2020-12-30',1,'NV10066','LL10007',2)
insert into [dbo].[Nha] (SoPhong, DiaChi, LuotXem, TinhTrang, NgayDang, NgayHetHan, KieuNha, NVQuanLy, ChuNha, LoaiNha) values (3,N'Ngô Văn Khuê, Quận 1',500,0,'2019-11-30','2020-12-30',0,'NV10011','LL10013',1)
insert into [dbo].[Nha] (SoPhong, DiaChi, LuotXem, TinhTrang, NgayDang, NgayHetHan, KieuNha, NVQuanLy, ChuNha, LoaiNha) values (5,N'Nguyễn Lữ, Quận Bình Thạnh',500,1,'2019-11-30','2020-12-30',1,'NV10046','LL10032',7)
insert into [dbo].[Nha] (SoPhong, DiaChi, LuotXem, TinhTrang, NgayDang, NgayHetHan, KieuNha, NVQuanLy, ChuNha, LoaiNha) values (3,N'Ngô Văn Khuê, Quận 6',500,0,'2019-11-30','2020-12-30',0,'NV10048','LL10034',4)
insert into [dbo].[Nha] (SoPhong, DiaChi, LuotXem, TinhTrang, NgayDang, NgayHetHan, KieuNha, NVQuanLy, ChuNha, LoaiNha) values (3,N'Nguyễn Bá Loan, Quận Gò Vấp',500,1,'2019-11-30','2020-12-30',1,'NV10074','LL10035',5)
insert into [dbo].[Nha] (SoPhong, DiaChi, LuotXem, TinhTrang, NgayDang, NgayHetHan, KieuNha, NVQuanLy, ChuNha, LoaiNha) values (4,N'Ngô Văn Khuê, Quận Bình Tân',500,0,'2019-11-30','2020-12-30',0,'NV10015','LL10018',6)
insert into [dbo].[Nha] (SoPhong, DiaChi, LuotXem, TinhTrang, NgayDang, NgayHetHan, KieuNha, NVQuanLy, ChuNha, LoaiNha) values (3,N'Cách Mạng Tháng 8, Quận 8',500,1,'2019-11-30','2020-12-30',1,'NV10050','LL10004',1)
insert into [dbo].[Nha] (SoPhong, DiaChi, LuotXem, TinhTrang, NgayDang, NgayHetHan, KieuNha, NVQuanLy, ChuNha, LoaiNha) values (4,N'Nguyễn Lữ, Quận 9',500,0,'2019-11-30','2020-12-30',0,'NV10039','LL10014',2)
insert into [dbo].[Nha] (SoPhong, DiaChi, LuotXem, TinhTrang, NgayDang, NgayHetHan, KieuNha, NVQuanLy, ChuNha, LoaiNha) values (1,N'Cách Mạng Tháng 8, Quận Gò Vấp',500,1,'2019-11-30','2020-12-30',1,'NV10000','LL10016',1)
insert into [dbo].[Nha] (SoPhong, DiaChi, LuotXem, TinhTrang, NgayDang, NgayHetHan, KieuNha, NVQuanLy, ChuNha, LoaiNha) values (5,N'Quang Trung, Quận Tân Phú',500,1,'2019-11-30','2020-12-30',0,'NV10056','LL10023',5)
insert into [dbo].[Nha] (SoPhong, DiaChi, LuotXem, TinhTrang, NgayDang, NgayHetHan, KieuNha, NVQuanLy, ChuNha, LoaiNha) values (1,N'Quang Trung, Quận Bình Thạnh',500,1,'2019-11-30','2020-12-30',1,'NV10076','LL10029',3)
insert into [dbo].[Nha] (SoPhong, DiaChi, LuotXem, TinhTrang, NgayDang, NgayHetHan, KieuNha, NVQuanLy, ChuNha, LoaiNha) values (3,N'Đường số 6, Quận Bình Tân',500,0,'2019-11-30','2020-12-30',0,'NV10077','LL10034',3)
insert into [dbo].[Nha] (SoPhong, DiaChi, LuotXem, TinhTrang, NgayDang, NgayHetHan, KieuNha, NVQuanLy, ChuNha, LoaiNha) values (2,N'Ngô Văn Khuê, Quận Gò Vấp',500,1,'2019-11-30','2020-12-30',1,'NV10017','LL10016',2)
insert into [dbo].[Nha] (SoPhong, DiaChi, LuotXem, TinhTrang, NgayDang, NgayHetHan, KieuNha, NVQuanLy, ChuNha, LoaiNha) values (1,N'Nguyễn Lữ, Quận 3',500,1,'2019-11-30','2020-12-30',0,'NV10013','LL10012',2)
insert into [dbo].[Nha] (SoPhong, DiaChi, LuotXem, TinhTrang, NgayDang, NgayHetHan, KieuNha, NVQuanLy, ChuNha, LoaiNha) values (5,N'Nguyễn Lữ, Quận 1',500,1,'2019-11-30','2020-12-30',1,'NV10046','LL10018',2)
insert into [dbo].[Nha] (SoPhong, DiaChi, LuotXem, TinhTrang, NgayDang, NgayHetHan, KieuNha, NVQuanLy, ChuNha, LoaiNha) values (3,N'Trần Trương, Quận 6',500,0,'2019-11-30','2020-12-30',0,'NV10035','LL10006',1)
insert into [dbo].[Nha] (SoPhong, DiaChi, LuotXem, TinhTrang, NgayDang, NgayHetHan, KieuNha, NVQuanLy, ChuNha, LoaiNha) values (2,N'Quang Trung, Quận 10',500,1,'2019-11-30','2020-12-30',1,'NV10082','LL10025',2)
insert into [dbo].[Nha] (SoPhong, DiaChi, LuotXem, TinhTrang, NgayDang, NgayHetHan, KieuNha, NVQuanLy, ChuNha, LoaiNha) values (3,N'Trần Quốc Tuấn, Quận 1',500,0,'2019-11-30','2020-12-30',0,'NV10053','LL10042',1)
insert into [dbo].[Nha] (SoPhong, DiaChi, LuotXem, TinhTrang, NgayDang, NgayHetHan, KieuNha, NVQuanLy, ChuNha, LoaiNha) values (1,N'Ngô Văn Khuê, Quận 3',500,1,'2019-11-30','2020-12-30',1,'NV10032','LL10002',1)
insert into [dbo].[Nha] (SoPhong, DiaChi, LuotXem, TinhTrang, NgayDang, NgayHetHan, KieuNha, NVQuanLy, ChuNha, LoaiNha) values (4,N'Quang Trung, Quận Bình Thạnh',500,0,'2019-11-30','2020-12-30',0,'NV10041','LL10007',5)
insert into [dbo].[Nha] (SoPhong, DiaChi, LuotXem, TinhTrang, NgayDang, NgayHetHan, KieuNha, NVQuanLy, ChuNha, LoaiNha) values (4,N'Võ Thị Sáu, Quận 2',500,1,'2019-11-30','2020-12-30',1,'NV10032','LL10020',7)
insert into [dbo].[Nha] (SoPhong, DiaChi, LuotXem, TinhTrang, NgayDang, NgayHetHan, KieuNha, NVQuanLy, ChuNha, LoaiNha) values (2,N'Nguyễn Huệ, Quận 1',500,1,'2019-11-30','2020-12-30',0,'NV10099','LL10030',2)
insert into [dbo].[Nha] (SoPhong, DiaChi, LuotXem, TinhTrang, NgayDang, NgayHetHan, KieuNha, NVQuanLy, ChuNha, LoaiNha) values (5,N'Quang Trung, Quận 1',500,1,'2019-11-30','2020-12-30',1,'NV10052','LL10001',7)
insert into [dbo].[Nha] (SoPhong, DiaChi, LuotXem, TinhTrang, NgayDang, NgayHetHan, KieuNha, NVQuanLy, ChuNha, LoaiNha) values (3,N'Quang Trung, Quận Tân Phú',500,0,'2019-11-30','2020-12-30',0,'NV10077','LL10016',4)
insert into [dbo].[Nha] (SoPhong, DiaChi, LuotXem, TinhTrang, NgayDang, NgayHetHan, KieuNha, NVQuanLy, ChuNha, LoaiNha) values (4,N'Cách Mạng Tháng 8, Quận 6',500,1,'2019-11-30','2020-12-30',1,'NV10076','LL10001',6)
insert into [dbo].[Nha] (SoPhong, DiaChi, LuotXem, TinhTrang, NgayDang, NgayHetHan, KieuNha, NVQuanLy, ChuNha, LoaiNha) values (1,N'Võ Thị Sáu, Quận Gò Vấp',500,0,'2019-11-30','2020-12-30',0,'NV10023','LL10032',3)
insert into [dbo].[Nha] (SoPhong, DiaChi, LuotXem, TinhTrang, NgayDang, NgayHetHan, KieuNha, NVQuanLy, ChuNha, LoaiNha) values (4,N'Trần Trương, Quận 4',500,1,'2019-11-30','2020-12-30',1,'NV10058','LL10049',2)
insert into [dbo].[Nha] (SoPhong, DiaChi, LuotXem, TinhTrang, NgayDang, NgayHetHan, KieuNha, NVQuanLy, ChuNha, LoaiNha) values (1,N'Nguyễn Lữ, Quận 3',500,0,'2019-11-30','2020-12-30',0,'NV10036','LL10015',2)
insert into [dbo].[Nha] (SoPhong, DiaChi, LuotXem, TinhTrang, NgayDang, NgayHetHan, KieuNha, NVQuanLy, ChuNha, LoaiNha) values (5,N'Võ Thị Sáu, Quận Tân Phú',500,1,'2019-11-30','2020-12-30',1,'NV10062','LL10022',5)
insert into [dbo].[Nha] (SoPhong, DiaChi, LuotXem, TinhTrang, NgayDang, NgayHetHan, KieuNha, NVQuanLy, ChuNha, LoaiNha) values (3,N'Đường số 6, Quận 9',500,0,'2019-11-30','2020-12-30',0,'NV10039','LL10035',5)
insert into [dbo].[Nha] (SoPhong, DiaChi, LuotXem, TinhTrang, NgayDang, NgayHetHan, KieuNha, NVQuanLy, ChuNha, LoaiNha) values (1,N'Võ Thị Sáu, Quận 6',500,1,'2019-11-30','2020-12-30',1,'NV10043','LL10007',2)










insert into [dbo].[NhaThue] (MaNha, TienThue) values (1,1044)
insert into [dbo].[NhaThue] (MaNha, TienThue) values (3,1097)
insert into [dbo].[NhaThue] (MaNha, TienThue) values (5,1000)
insert into [dbo].[NhaThue] (MaNha, TienThue) values (7,1001)
insert into [dbo].[NhaThue] (MaNha, TienThue) values (9,1025)
insert into [dbo].[NhaThue] (MaNha, TienThue) values (11,1093)
insert into [dbo].[NhaThue] (MaNha, TienThue) values (13,1000)
insert into [dbo].[NhaThue] (MaNha, TienThue) values (15,1037)
insert into [dbo].[NhaThue] (MaNha, TienThue) values (17,1018)
insert into [dbo].[NhaThue] (MaNha, TienThue) values (19,1026)
insert into [dbo].[NhaThue] (MaNha, TienThue) values (21,1069)
insert into [dbo].[NhaThue] (MaNha, TienThue) values (23,1082)
insert into [dbo].[NhaThue] (MaNha, TienThue) values (25,1044)
insert into [dbo].[NhaThue] (MaNha, TienThue) values (27,1070)
insert into [dbo].[NhaThue] (MaNha, TienThue) values (29,1053)
insert into [dbo].[NhaThue] (MaNha, TienThue) values (31,1014)
insert into [dbo].[NhaThue] (MaNha, TienThue) values (33,1038)
insert into [dbo].[NhaThue] (MaNha, TienThue) values (35,1044)
insert into [dbo].[NhaThue] (MaNha, TienThue) values (37,1050)
insert into [dbo].[NhaThue] (MaNha, TienThue) values (39,1069)
insert into [dbo].[NhaThue] (MaNha, TienThue) values (41,1028)
insert into [dbo].[NhaThue] (MaNha, TienThue) values (43,1093)
insert into [dbo].[NhaThue] (MaNha, TienThue) values (45,1012)
insert into [dbo].[NhaThue] (MaNha, TienThue) values (47,1029)
insert into [dbo].[NhaThue] (MaNha, TienThue) values (49,1090)


insert into [dbo].[NhaBan] (MaNha, GiaBan) values (2,1074)
insert into [dbo].[NhaBan] (MaNha, GiaBan) values (4,1038)
insert into [dbo].[NhaBan] (MaNha, GiaBan) values (6,1056)
insert into [dbo].[NhaBan] (MaNha, GiaBan) values (8,1059)
insert into [dbo].[NhaBan] (MaNha, GiaBan) values (10,1043)
insert into [dbo].[NhaBan] (MaNha, GiaBan) values (12,1062)
insert into [dbo].[NhaBan] (MaNha, GiaBan) values (14,1012)
insert into [dbo].[NhaBan] (MaNha, GiaBan) values (16,1085)
insert into [dbo].[NhaBan] (MaNha, GiaBan) values (18,1015)
insert into [dbo].[NhaBan] (MaNha, GiaBan) values (20,1080)
insert into [dbo].[NhaBan] (MaNha, GiaBan) values (22,1089)
insert into [dbo].[NhaBan] (MaNha, GiaBan) values (24,1094)
insert into [dbo].[NhaBan] (MaNha, GiaBan) values (26,1075)
insert into [dbo].[NhaBan] (MaNha, GiaBan) values (28,1046)
insert into [dbo].[NhaBan] (MaNha, GiaBan) values (30,1059)
insert into [dbo].[NhaBan] (MaNha, GiaBan) values (32,1075)
insert into [dbo].[NhaBan] (MaNha, GiaBan) values (34,1053)
insert into [dbo].[NhaBan] (MaNha, GiaBan) values (36,1084)
insert into [dbo].[NhaBan] (MaNha, GiaBan) values (38,1038)
insert into [dbo].[NhaBan] (MaNha, GiaBan) values (40,1086)
insert into [dbo].[NhaBan] (MaNha, GiaBan) values (42,1080)
insert into [dbo].[NhaBan] (MaNha, GiaBan) values (44,1088)
insert into [dbo].[NhaBan] (MaNha, GiaBan) values (46,1007)
insert into [dbo].[NhaBan] (MaNha, GiaBan) values (48,1026)
insert into [dbo].[NhaBan] (MaNha, GiaBan) values (50,1088)





insert into [dbo].[XemNha] (KhachHang, Nha, NgayXem, NhanXet) values ('KH10000',45,'2022-5-9',N'Tốt')
insert into [dbo].[XemNha] (KhachHang, Nha, NgayXem, NhanXet) values ('KH10001',10,'2022-2-5',N'Tốt')
insert into [dbo].[XemNha] (KhachHang, Nha, NgayXem, NhanXet) values ('KH10002',50,'2022-11-8',N'Tốt')
insert into [dbo].[XemNha] (KhachHang, Nha, NgayXem, NhanXet) values ('KH10003',5,'2022-7-29',N'Tốt')
insert into [dbo].[XemNha] (KhachHang, Nha, NgayXem, NhanXet) values ('KH10004',32,'2022-3-28',N'Tốt')
insert into [dbo].[XemNha] (KhachHang, Nha, NgayXem, NhanXet) values ('KH10005',20,'2022-6-16',N'Tốt')
insert into [dbo].[XemNha] (KhachHang, Nha, NgayXem, NhanXet) values ('KH10006',17,'2022-4-9',N'Tốt')
insert into [dbo].[XemNha] (KhachHang, Nha, NgayXem, NhanXet) values ('KH10007',25,'2022-7-25',N'Tốt')
insert into [dbo].[XemNha] (KhachHang, Nha, NgayXem, NhanXet) values ('KH10008',28,'2022-6-27',N'Tốt')
insert into [dbo].[XemNha] (KhachHang, Nha, NgayXem, NhanXet) values ('KH10009',29,'2022-12-20',N'Tốt')
insert into [dbo].[XemNha] (KhachHang, Nha, NgayXem, NhanXet) values ('KH10010',10,'2022-6-3',N'Tốt')
insert into [dbo].[XemNha] (KhachHang, Nha, NgayXem, NhanXet) values ('KH10011',48,'2022-12-21',N'Tốt')
insert into [dbo].[XemNha] (KhachHang, Nha, NgayXem, NhanXet) values ('KH10012',1,'2022-5-21',N'Tốt')
insert into [dbo].[XemNha] (KhachHang, Nha, NgayXem, NhanXet) values ('KH10013',18,'2022-6-25',N'Tốt')
insert into [dbo].[XemNha] (KhachHang, Nha, NgayXem, NhanXet) values ('KH10014',48,'2022-2-25',N'Tốt')
insert into [dbo].[XemNha] (KhachHang, Nha, NgayXem, NhanXet) values ('KH10015',50,'2022-12-22',N'Tốt')
insert into [dbo].[XemNha] (KhachHang, Nha, NgayXem, NhanXet) values ('KH10016',50,'2022-5-27',N'Tốt')
insert into [dbo].[XemNha] (KhachHang, Nha, NgayXem, NhanXet) values ('KH10017',25,'2022-3-27',N'Tốt')
insert into [dbo].[XemNha] (KhachHang, Nha, NgayXem, NhanXet) values ('KH10018',50,'2022-3-23',N'Tốt')
insert into [dbo].[XemNha] (KhachHang, Nha, NgayXem, NhanXet) values ('KH10019',27,'2022-4-10',N'Tốt')
insert into [dbo].[XemNha] (KhachHang, Nha, NgayXem, NhanXet) values ('KH10020',26,'2022-2-22',N'Tốt')
insert into [dbo].[XemNha] (KhachHang, Nha, NgayXem, NhanXet) values ('KH10021',34,'2022-2-26',N'Tốt')
insert into [dbo].[XemNha] (KhachHang, Nha, NgayXem, NhanXet) values ('KH10022',7,'2022-2-26',N'Tốt')
insert into [dbo].[XemNha] (KhachHang, Nha, NgayXem, NhanXet) values ('KH10023',1,'2022-5-27',N'Tốt')
insert into [dbo].[XemNha] (KhachHang, Nha, NgayXem, NhanXet) values ('KH10024',13,'2022-1-11',N'Tốt')
insert into [dbo].[XemNha] (KhachHang, Nha, NgayXem, NhanXet) values ('KH10025',32,'2022-4-14',N'Tốt')
insert into [dbo].[XemNha] (KhachHang, Nha, NgayXem, NhanXet) values ('KH10026',16,'2022-8-24',N'Tốt')
insert into [dbo].[XemNha] (KhachHang, Nha, NgayXem, NhanXet) values ('KH10027',44,'2022-6-20',N'Tốt')
insert into [dbo].[XemNha] (KhachHang, Nha, NgayXem, NhanXet) values ('KH10028',13,'2022-1-1',N'Tốt')
insert into [dbo].[XemNha] (KhachHang, Nha, NgayXem, NhanXet) values ('KH10029',14,'2022-8-25',N'Tốt')
insert into [dbo].[XemNha] (KhachHang, Nha, NgayXem, NhanXet) values ('KH10030',29,'2022-11-15',N'Tốt')
insert into [dbo].[XemNha] (KhachHang, Nha, NgayXem, NhanXet) values ('KH10031',3,'2022-1-3',N'Tốt')
insert into [dbo].[XemNha] (KhachHang, Nha, NgayXem, NhanXet) values ('KH10032',41,'2022-8-14',N'Tốt')
insert into [dbo].[XemNha] (KhachHang, Nha, NgayXem, NhanXet) values ('KH10033',5,'2022-3-5',N'Tốt')
insert into [dbo].[XemNha] (KhachHang, Nha, NgayXem, NhanXet) values ('KH10034',33,'2022-8-26',N'Tốt')
insert into [dbo].[XemNha] (KhachHang, Nha, NgayXem, NhanXet) values ('KH10035',38,'2022-4-23',N'Tốt')
insert into [dbo].[XemNha] (KhachHang, Nha, NgayXem, NhanXet) values ('KH10036',36,'2022-9-16',N'Tốt')
insert into [dbo].[XemNha] (KhachHang, Nha, NgayXem, NhanXet) values ('KH10037',16,'2022-5-14',N'Tốt')
insert into [dbo].[XemNha] (KhachHang, Nha, NgayXem, NhanXet) values ('KH10038',17,'2022-7-9',N'Tốt')
insert into [dbo].[XemNha] (KhachHang, Nha, NgayXem, NhanXet) values ('KH10039',14,'2022-1-22',N'Tốt')
insert into [dbo].[XemNha] (KhachHang, Nha, NgayXem, NhanXet) values ('KH10040',11,'2022-9-28',N'Tốt')
insert into [dbo].[XemNha] (KhachHang, Nha, NgayXem, NhanXet) values ('KH10041',32,'2022-12-8',N'Tốt')
insert into [dbo].[XemNha] (KhachHang, Nha, NgayXem, NhanXet) values ('KH10042',40,'2022-10-28',N'Tốt')
insert into [dbo].[XemNha] (KhachHang, Nha, NgayXem, NhanXet) values ('KH10043',29,'2022-10-9',N'Tốt')
insert into [dbo].[XemNha] (KhachHang, Nha, NgayXem, NhanXet) values ('KH10044',31,'2022-7-20',N'Tốt')
insert into [dbo].[XemNha] (KhachHang, Nha, NgayXem, NhanXet) values ('KH10045',33,'2022-4-16',N'Tốt')
insert into [dbo].[XemNha] (KhachHang, Nha, NgayXem, NhanXet) values ('KH10046',24,'2022-8-6',N'Tốt')
insert into [dbo].[XemNha] (KhachHang, Nha, NgayXem, NhanXet) values ('KH10047',44,'2022-3-29',N'Tốt')
insert into [dbo].[XemNha] (KhachHang, Nha, NgayXem, NhanXet) values ('KH10048',17,'2022-6-17',N'Tốt')
insert into [dbo].[XemNha] (KhachHang, Nha, NgayXem, NhanXet) values ('KH10049',40,'2022-3-15',N'Tốt')





insert into [dbo].[QuaTrinhThue] (KhachHang, NhaThue, NgayBatDau) values ('KH10000',27,'2022-3-6')
insert into [dbo].[QuaTrinhThue] (KhachHang, NhaThue, NgayBatDau) values ('KH10001',43,'2022-9-20')
insert into [dbo].[QuaTrinhThue] (KhachHang, NhaThue, NgayBatDau) values ('KH10004',9,'2022-3-9')
insert into [dbo].[QuaTrinhThue] (KhachHang, NhaThue, NgayBatDau) values ('KH10005',11,'2022-12-12')
insert into [dbo].[QuaTrinhThue] (KhachHang, NhaThue, NgayBatDau) values ('KH10007',45,'2022-3-16')
insert into [dbo].[QuaTrinhThue] (KhachHang, NhaThue, NgayBatDau) values ('KH10008',39,'2022-9-23')
insert into [dbo].[QuaTrinhThue] (KhachHang, NhaThue, NgayBatDau) values ('KH10009',19,'2022-3-10')
insert into [dbo].[QuaTrinhThue] (KhachHang, NhaThue, NgayBatDau) values ('KH10011',37,'2022-9-23')
insert into [dbo].[QuaTrinhThue] (KhachHang, NhaThue, NgayBatDau) values ('KH10013',47,'2022-3-10')
insert into [dbo].[QuaTrinhThue] (KhachHang, NhaThue, NgayBatDau) values ('KH10014',5,'2022-1-13')
insert into [dbo].[QuaTrinhThue] (KhachHang, NhaThue, NgayBatDau) values ('KH10016',7,'2022-8-12')
insert into [dbo].[QuaTrinhThue] (KhachHang, NhaThue, NgayBatDau) values ('KH10019',23,'2022-8-18')
insert into [dbo].[QuaTrinhThue] (KhachHang, NhaThue, NgayBatDau) values ('KH10021',21,'2022-4-12')
insert into [dbo].[QuaTrinhThue] (KhachHang, NhaThue, NgayBatDau) values ('KH10024',35,'2022-1-16')
insert into [dbo].[QuaTrinhThue] (KhachHang, NhaThue, NgayBatDau) values ('KH10027',49,'2022-5-10')
insert into [dbo].[QuaTrinhThue] (KhachHang, NhaThue, NgayBatDau) values ('KH10028',25,'2022-12-17')
insert into [dbo].[QuaTrinhThue] (KhachHang, NhaThue, NgayBatDau) values ('KH10031',17,'2022-2-13')
insert into [dbo].[QuaTrinhThue] (KhachHang, NhaThue, NgayBatDau) values ('KH10033',15,'2022-7-7')
insert into [dbo].[QuaTrinhThue] (KhachHang, NhaThue, NgayBatDau) values ('KH10039',31,'2022-9-15')



insert into [dbo].[YeuCauKH] (KhachHang, LoaiNha) values ('KH10000',4)
insert into [dbo].[YeuCauKH] (KhachHang, LoaiNha) values ('KH10001',2)
insert into [dbo].[YeuCauKH] (KhachHang, LoaiNha) values ('KH10002',4)
insert into [dbo].[YeuCauKH] (KhachHang, LoaiNha) values ('KH10003',8)
insert into [dbo].[YeuCauKH] (KhachHang, LoaiNha) values ('KH10004',3)
insert into [dbo].[YeuCauKH] (KhachHang, LoaiNha) values ('KH10005',8)
insert into [dbo].[YeuCauKH] (KhachHang, LoaiNha) values ('KH10006',4)
insert into [dbo].[YeuCauKH] (KhachHang, LoaiNha) values ('KH10007',6)
insert into [dbo].[YeuCauKH] (KhachHang, LoaiNha) values ('KH10008',6)
insert into [dbo].[YeuCauKH] (KhachHang, LoaiNha) values ('KH10009',3)
insert into [dbo].[YeuCauKH] (KhachHang, LoaiNha) values ('KH10010',1)
insert into [dbo].[YeuCauKH] (KhachHang, LoaiNha) values ('KH10011',2)
insert into [dbo].[YeuCauKH] (KhachHang, LoaiNha) values ('KH10012',8)
insert into [dbo].[YeuCauKH] (KhachHang, LoaiNha) values ('KH10013',4)
insert into [dbo].[YeuCauKH] (KhachHang, LoaiNha) values ('KH10014',2)
insert into [dbo].[YeuCauKH] (KhachHang, LoaiNha) values ('KH10015',7)
insert into [dbo].[YeuCauKH] (KhachHang, LoaiNha) values ('KH10016',3)
insert into [dbo].[YeuCauKH] (KhachHang, LoaiNha) values ('KH10017',1)
insert into [dbo].[YeuCauKH] (KhachHang, LoaiNha) values ('KH10018',8)
insert into [dbo].[YeuCauKH] (KhachHang, LoaiNha) values ('KH10019',3)
insert into [dbo].[YeuCauKH] (KhachHang, LoaiNha) values ('KH10020',2)
insert into [dbo].[YeuCauKH] (KhachHang, LoaiNha) values ('KH10021',4)
insert into [dbo].[YeuCauKH] (KhachHang, LoaiNha) values ('KH10022',2)
insert into [dbo].[YeuCauKH] (KhachHang, LoaiNha) values ('KH10023',2)
insert into [dbo].[YeuCauKH] (KhachHang, LoaiNha) values ('KH10024',6)
insert into [dbo].[YeuCauKH] (KhachHang, LoaiNha) values ('KH10025',8)
insert into [dbo].[YeuCauKH] (KhachHang, LoaiNha) values ('KH10026',2)
insert into [dbo].[YeuCauKH] (KhachHang, LoaiNha) values ('KH10027',4)
insert into [dbo].[YeuCauKH] (KhachHang, LoaiNha) values ('KH10028',2)
insert into [dbo].[YeuCauKH] (KhachHang, LoaiNha) values ('KH10029',7)
insert into [dbo].[YeuCauKH] (KhachHang, LoaiNha) values ('KH10030',6)
insert into [dbo].[YeuCauKH] (KhachHang, LoaiNha) values ('KH10031',3)
insert into [dbo].[YeuCauKH] (KhachHang, LoaiNha) values ('KH10032',6)
insert into [dbo].[YeuCauKH] (KhachHang, LoaiNha) values ('KH10033',7)
insert into [dbo].[YeuCauKH] (KhachHang, LoaiNha) values ('KH10034',8)
insert into [dbo].[YeuCauKH] (KhachHang, LoaiNha) values ('KH10035',6)
insert into [dbo].[YeuCauKH] (KhachHang, LoaiNha) values ('KH10036',8)
insert into [dbo].[YeuCauKH] (KhachHang, LoaiNha) values ('KH10037',8)
insert into [dbo].[YeuCauKH] (KhachHang, LoaiNha) values ('KH10038',7)
insert into [dbo].[YeuCauKH] (KhachHang, LoaiNha) values ('KH10039',8)
insert into [dbo].[YeuCauKH] (KhachHang, LoaiNha) values ('KH10040',6)
insert into [dbo].[YeuCauKH] (KhachHang, LoaiNha) values ('KH10041',8)
insert into [dbo].[YeuCauKH] (KhachHang, LoaiNha) values ('KH10042',4)
insert into [dbo].[YeuCauKH] (KhachHang, LoaiNha) values ('KH10043',1)
insert into [dbo].[YeuCauKH] (KhachHang, LoaiNha) values ('KH10044',5)
insert into [dbo].[YeuCauKH] (KhachHang, LoaiNha) values ('KH10045',7)
insert into [dbo].[YeuCauKH] (KhachHang, LoaiNha) values ('KH10046',5)
insert into [dbo].[YeuCauKH] (KhachHang, LoaiNha) values ('KH10047',4)
insert into [dbo].[YeuCauKH] (KhachHang, LoaiNha) values ('KH10048',6)
insert into [dbo].[YeuCauKH] (KhachHang, LoaiNha) values ('KH10049',3)











insert into [dbo].[AccountKhachHang] (IDKhachHang,Password) values ('KH10001','123456789')


insert into [dbo].[AccountChuNha] (IDChuNha,Password) values ('LL10001','123456789')


insert into [dbo].[AccountAdmin] (IDAdmin,Password) values ('admin','admin')









